"ARE","fruits","fruits_trop",0.445535909190133
"ARE","fruits","fruits_temp",0.363021174416066
"ARE","fruits","fruits_starch",0.1914429163938
"ARE","legumes","legumes",0.980392156862745
"ARE","legumes","soybeans",0.0196078431372549
"ARE","fish","shellfish",0.0862135176651306
"ARE","fish","fish_freshw",0.258256528417819
"ARE","fish","fish_pelag",0.366551459293395
"ARE","fish","fish_demrs",0.288978494623656
"ARE","grains","wheat",0.586485287258881
"ARE","grains","rice",0.406714402566454
"ARE","grains","maize",0.00635801357793847
"ARE","grains","othr_grains",0.000442296596726155
"DJI","fruits","fruits_trop",0.302700675168792
"DJI","fruits","fruits_temp",0.602400600150037
"DJI","fruits","fruits_starch",0.0948987246811703
"DJI","legumes","legumes",1
"DJI","fish","shellfish",0.0408587257617729
"DJI","fish","fish_freshw",0.0242382271468144
"DJI","fish","fish_pelag",0.725069252077562
"DJI","fish","fish_demrs",0.20983379501385
"DJI","grains","wheat",0.655051976941364
"DJI","grains","rice",0.320350630064215
"DJI","grains","maize",0.0118763128489312
"DJI","grains","othr_grains",0.01272108014549
"DZA","fruits","fruits_trop",0.527265781682743
"DZA","fruits","fruits_temp",0.460414478082323
"DZA","fruits","fruits_starch",0.0123197402349346
"DZA","legumes","legumes",1
"DZA","fish","shellfish",0.0734126984126984
"DZA","fish","fish_freshw",0.0628306878306878
"DZA","fish","fish_pelag",0.73478835978836
"DZA","fish","fish_demrs",0.128968253968254
"DZA","grains","wheat",0.847814104678004
"DZA","grains","rice",0.0237315682856739
"DZA","grains","maize",0.0603794695435059
"DZA","grains","othr_grains",0.0680748574928157
"EGY","fruits","fruits_trop",0.37840241949831
"EGY","fruits","fruits_temp",0.515121864436933
"EGY","fruits","fruits_starch",0.106475716064757
"EGY","legumes","legumes",1
"EGY","fish","shellfish",0.0165876777251185
"EGY","fish","fish_freshw",0.596940973718225
"EGY","fish","fish_pelag",0.183757001292546
"EGY","fish","fish_demrs",0.20271434726411
"EGY","grains","wheat",0.558456073993553
"EGY","grains","rice",0.227842141547981
"EGY","grains","maize",0.204507486100492
"EGY","grains","othr_grains",0.00919429835797378
"IRQ","fruits","fruits_trop",0.377906976744186
"IRQ","fruits","fruits_temp",0.509329367225527
"IRQ","fruits","fruits_starch",0.112763656030287
"IRQ","legumes","legumes",1
"IRQ","fish","shellfish",0.0247395833333333
"IRQ","fish","fish_freshw",0.649739583333333
"IRQ","fish","fish_pelag",0.0611979166666667
"IRQ","fish","fish_demrs",0.264322916666667
"IRQ","grains","wheat",0.667697246403848
"IRQ","grains","rice",0.320634239483725
"IRQ","grains","maize",0.00382201616286895
"IRQ","grains","othr_grains",0.00784649794955805
"JOR","fruits","fruits_trop",0.359381997313032
"JOR","fruits","fruits_temp",0.524854455888939
"JOR","fruits","fruits_starch",0.11576354679803
"JOR","legumes","legumes",0.996899224806202
"JOR","legumes","soybeans",0.00310077519379845
"JOR","fish","shellfish",0.0685714285714286
"JOR","fish","fish_freshw",0.152380952380952
"JOR","fish","fish_pelag",0.668571428571429
"JOR","fish","fish_demrs",0.11047619047619
"JOR","grains","wheat",0.823067972496028
"JOR","grains","rice",0.164693392578427
"JOR","grains","maize",0.00970232152649858
"JOR","grains","othr_grains",0.00253631339904664
"KWT","fruits","fruits_trop",0.554284157471734
"KWT","fruits","fruits_temp",0.445715842528266
"KWT","legumes","legumes",0.968
"KWT","legumes","soybeans",0.032
"KWT","fish","shellfish",0.166493416493416
"KWT","fish","fish_freshw",0.207380457380457
"KWT","fish","fish_pelag",0.402806652806653
"KWT","fish","fish_demrs",0.223319473319473
"KWT","grains","wheat",0.582792194510989
"KWT","grains","rice",0.397235934047381
"KWT","grains","maize",0.0181154758389666
"KWT","grains","othr_grains",0.00185639560266292
"LBN","fruits","fruits_trop",0.340108751941999
"LBN","fruits","fruits_temp",0.483298808907302
"LBN","fruits","fruits_starch",0.176592439150699
"LBN","legumes","legumes",0.987635239567233
"LBN","legumes","soybeans",0.0123647604327666
"LBN","fish","shellfish",0.182448036951501
"LBN","fish","fish_freshw",0.195150115473441
"LBN","fish","fish_pelag",0.422632794457275
"LBN","fish","fish_demrs",0.199769053117783
"LBN","grains","wheat",0.894410365979737
"LBN","grains","rice",0.09993796953615
"LBN","grains","othr_grains",0.00565166448411331
"MAR","fruits","fruits_trop",0.414404596790172
"MAR","fruits","fruits_temp",0.497325143649693
"MAR","fruits","fruits_starch",0.0882702595601347
"MAR","legumes","legumes",0.998637602179837
"MAR","legumes","soybeans",0.00136239782016349
"MAR","fish","shellfish",0.042489604989605
"MAR","fish","fish_freshw",0.0398908523908524
"MAR","fish","fish_pelag",0.815358627858628
"MAR","fish","fish_demrs",0.102260914760915
"MAR","grains","wheat",0.69473332254972
"MAR","grains","rice",0.0101589530952259
"MAR","grains","maize",0.129236677963159
"MAR","grains","othr_grains",0.165871046391895
"MRT","fruits","fruits_trop",0.671830985915493
"MRT","fruits","fruits_temp",0.190140845070423
"MRT","fruits","fruits_starch",0.138028169014085
"MRT","legumes","legumes",1
"MRT","fish","shellfish",0.161616161616162
"MRT","fish","fish_freshw",0.400673400673401
"MRT","fish","fish_pelag",0.402918069584736
"MRT","fish","fish_demrs",0.0347923681257015
"MRT","grains","wheat",0.541191332163279
"MRT","grains","rice",0.379500934156146
"MRT","grains","maize",0.0142830351582404
"MRT","grains","othr_grains",0.0650246985223348
"OMN","fruits","fruits_trop",0.54479704797048
"OMN","fruits","fruits_temp",0.430110701107011
"OMN","fruits","fruits_starch",0.0250922509225092
"OMN","legumes","legumes",0.99501246882793
"OMN","legumes","soybeans",0.00498753117206983
"OMN","fish","shellfish",0.0686434530286543
"OMN","fish","fish_freshw",0.0457925281102648
"OMN","fish","fish_pelag",0.386742836416395
"OMN","fish","fish_demrs",0.498821182444686
"OMN","grains","wheat",0.488271608787008
"OMN","grains","rice",0.428697527306866
"OMN","grains","maize",0.0782370760566241
"OMN","grains","othr_grains",0.0047937878495025
"SAU","fruits","fruits_trop",0.610888610763454
"SAU","fruits","fruits_temp",0.295244055068836
"SAU","fruits","fruits_starch",0.0938673341677096
"SAU","legumes","legumes",0.974358974358974
"SAU","legumes","soybeans",0.0256410256410256
"SAU","fish","shellfish",0.072262118491921
"SAU","fish","fish_freshw",0.398114901256732
"SAU","fish","fish_pelag",0.345152603231598
"SAU","fish","fish_demrs",0.184470377019749
"SAU","grains","wheat",0.496810871915045
"SAU","grains","rice",0.35277488100671
"SAU","grains","maize",0.123283967276607
"SAU","grains","othr_grains",0.0271302798016387
"SDN","fruits","fruits_trop",0.3956683368353
"SDN","fruits","fruits_temp",0.322127040568935
"SDN","fruits","fruits_starch",0.282204622595765
"SDN","legumes","legumes",1
"SDN","fish","shellfish",0.0223214285714286
"SDN","fish","fish_freshw",0.90625
"SDN","fish","fish_pelag",0.0580357142857143
"SDN","fish","fish_demrs",0.0133928571428571
"SDN","grains","wheat",0.413756064749758
"SDN","grains","rice",0.0252888007112149
"SDN","grains","maize",0.00155904152838212
"SDN","grains","othr_grains",0.559396093010645
"TUN","fruits","fruits_trop",0.43046357615894
"TUN","fruits","fruits_temp",0.535248878444777
"TUN","fruits","fruits_starch",0.0342875453962829
"TUN","legumes","legumes",0.793144208037825
"TUN","legumes","soybeans",0.206855791962175
"TUN","fish","shellfish",0.0674135220125786
"TUN","fish","fish_freshw",0.0304638364779874
"TUN","fish","fish_pelag",0.539897798742139
"TUN","fish","fish_demrs",0.362224842767296
"TUN","grains","wheat",0.958031395263109
"TUN","grains","rice",0.00725077884941717
"TUN","grains","othr_grains",0.034717825887474
"YEM","fruits","fruits_trop",0.307257304429783
"YEM","fruits","fruits_temp",0.576500157084512
"YEM","fruits","fruits_starch",0.116242538485705
"YEM","legumes","legumes",1
"YEM","fish","fish_pelag",0.838187702265372
"YEM","fish","fish_demrs",0.161812297734628
"YEM","grains","wheat",0.684498533841109
"YEM","grains","rice",0.194895321090219
"YEM","grains","maize",0.0705505419526222
"YEM","grains","othr_grains",0.0500556031160498
"BGR","fruits","fruits_trop",0.220330578512397
"BGR","fruits","fruits_temp",0.663140495867769
"BGR","fruits","fruits_starch",0.116528925619835
"BGR","legumes","legumes",0.990697674418605
"BGR","legumes","soybeans",0.00930232558139535
"BGR","fish","shellfish",0.123103448275862
"BGR","fish","fish_freshw",0.287241379310345
"BGR","fish","fish_pelag",0.433448275862069
"BGR","fish","fish_demrs",0.156206896551724
"BGR","grains","wheat",0.753975509394676
"BGR","grains","rice",0.0334143076694264
"BGR","grains","maize",0.205108323831243
"BGR","grains","othr_grains",0.0075018591046552
"CZE","fruits","fruits_trop",0.280553787396563
"CZE","fruits","fruits_temp",0.531508593252705
"CZE","fruits","fruits_starch",0.187937619350732
"CZE","legumes","legumes",0.814814814814815
"CZE","legumes","soybeans",0.185185185185185
"CZE","fish","shellfish",0.0790322580645161
"CZE","fish","fish_freshw",0.289784946236559
"CZE","fish","fish_pelag",0.336021505376344
"CZE","fish","fish_demrs",0.295161290322581
"CZE","grains","wheat",0.811331875090935
"CZE","grains","rice",0.0816254059692585
"CZE","grains","othr_grains",0.107042718939807
"EST","fruits","fruits_trop",0.226944757609921
"EST","fruits","fruits_temp",0.599210822998873
"EST","fruits","fruits_starch",0.173844419391206
"EST","legumes","legumes",0.971098265895954
"EST","legumes","soybeans",0.0289017341040462
"EST","fish","shellfish",0.251532697547684
"EST","fish","fish_freshw",0.0928133514986376
"EST","fish","fish_pelag",0.15616485013624
"EST","fish","fish_demrs",0.499489100817439
"EST","grains","wheat",0.608630777485373
"EST","grains","rice",0.0297657068397251
"EST","grains","maize",0.107010909834181
"EST","grains","othr_grains",0.254592605840722
"HRV","fruits","fruits_trop",0.197494639431215
"HRV","fruits","fruits_temp",0.636948425685588
"HRV","fruits","fruits_starch",0.165556934883196
"HRV","legumes","legumes",0.986842105263158
"HRV","legumes","soybeans",0.0131578947368421
"HRV","fish","shellfish",0.233836777954425
"HRV","fish","fish_freshw",0.070084790673026
"HRV","fish","fish_pelag",0.471250662427133
"HRV","fish","fish_demrs",0.224827768945416
"HRV","grains","wheat",0.871124687062084
"HRV","grains","rice",0.0302794306982558
"HRV","grains","maize",0.0741276798810139
"HRV","grains","othr_grains",0.0244682023586465
"HUN","fruits","fruits_trop",0.100905966885348
"HUN","fruits","fruits_temp",0.820368634801624
"HUN","fruits","fruits_starch",0.0787253983130272
"HUN","legumes","legumes",0.990610328638498
"HUN","legumes","soybeans",0.00938967136150235
"HUN","fish","shellfish",0.061216429699842
"HUN","fish","fish_freshw",0.498815165876777
"HUN","fish","fish_pelag",0.230252764612954
"HUN","fish","fish_demrs",0.209715639810427
"HUN","grains","wheat",0.908143307240621
"HUN","grains","rice",0.0700506405541123
"HUN","grains","othr_grains",0.0218060522052664
"LTU","fruits","fruits_trop",0.30212685150019
"LTU","fruits","fruits_temp",0.459931636916065
"LTU","fruits","fruits_starch",0.237941511583745
"LTU","legumes","legumes",0.985169491525424
"LTU","legumes","soybeans",0.0148305084745763
"LTU","fish","shellfish",0.0722516350046715
"LTU","fish","fish_freshw",0.0507630021800062
"LTU","fish","fish_pelag",0.8467767050763
"LTU","fish","fish_demrs",0.0302086577390221
"LTU","grains","wheat",0.819895235667183
"LTU","grains","rice",0.0270715661820944
"LTU","grains","maize",0.00501743881957458
"LTU","grains","othr_grains",0.148015759331148
"LVA","fruits","fruits_trop",0.302513847464849
"LVA","fruits","fruits_temp",0.474222411589263
"LVA","fruits","fruits_starch",0.223263740945888
"LVA","legumes","legumes",0.368421052631579
"LVA","legumes","soybeans",0.631578947368421
"LVA","fish","shellfish",0.160232843137255
"LVA","fish","fish_freshw",0.17453022875817
"LVA","fish","fish_pelag",0.422079248366013
"LVA","fish","fish_demrs",0.243157679738562
"LVA","grains","wheat",0.528417515073638
"LVA","grains","rice",0.0310651096457165
"LVA","grains","maize",0.00487157401262373
"LVA","grains","othr_grains",0.435645801268021
"POL","fruits","fruits_trop",0.222068392634639
"POL","fruits","fruits_temp",0.728783054132632
"POL","fruits","fruits_starch",0.0491485532327288
"POL","legumes","legumes",0.952095808383234
"POL","legumes","soybeans",0.0479041916167665
"POL","fish","shellfish",0.0273311897106109
"POL","fish","fish_freshw",0.121382636655949
"POL","fish","fish_pelag",0.502411575562701
"POL","fish","fish_demrs",0.34887459807074
"POL","grains","wheat",0.735401459854015
"POL","grains","rice",0.0156488711593957
"POL","grains","othr_grains",0.24894966898659
"ROU","fruits","fruits_trop",0.116813099041534
"ROU","fruits","fruits_temp",0.776058306709265
"ROU","fruits","fruits_starch",0.107128594249201
"ROU","legumes","legumes",0.995798319327731
"ROU","legumes","soybeans",0.00420168067226891
"ROU","fish","shellfish",0.104573170731707
"ROU","fish","fish_freshw",0.280182926829268
"ROU","fish","fish_pelag",0.494817073170732
"ROU","fish","fish_demrs",0.120426829268293
"ROU","grains","wheat",0.763453360616648
"ROU","grains","rice",0.0371768169026531
"ROU","grains","maize",0.177146008901105
"ROU","grains","othr_grains",0.0222238135795942
"SVK","fruits","fruits_trop",0.32537037037037
"SVK","fruits","fruits_temp",0.483148148148148
"SVK","fruits","fruits_starch",0.191481481481481
"SVK","legumes","legumes",0.953846153846154
"SVK","legumes","soybeans",0.0461538461538462
"SVK","fish","shellfish",0.0270897832817338
"SVK","fish","fish_freshw",0.270639834881321
"SVK","fish","fish_pelag",0.288183694530444
"SVK","fish","fish_demrs",0.414086687306502
"SVK","grains","wheat",0.910275014423833
"SVK","grains","rice",0.0297218385579663
"SVK","grains","othr_grains",0.0600031470182003
"SVN","fruits","fruits_trop",0.105768486256291
"SVN","fruits","fruits_temp",0.786372435152923
"SVN","fruits","fruits_starch",0.107859078590786
"SVN","legumes","legumes",0.836734693877551
"SVN","legumes","soybeans",0.163265306122449
"SVN","fish","shellfish",0.275710702341137
"SVN","fish","fish_freshw",0.204640468227425
"SVN","fish","fish_pelag",0.287416387959866
"SVN","fish","fish_demrs",0.232232441471572
"SVN","grains","wheat",0.702817617703244
"SVN","grains","rice",0.0302805397663457
"SVN","grains","maize",0.206207780211802
"SVN","grains","othr_grains",0.0606940623186088
"ATG","fruits","fruits_trop",0.119216951389398
"ATG","fruits","fruits_temp",0.720067453625633
"ATG","fruits","fruits_starch",0.16071559498497
"ATG","legumes","legumes",0.900709219858156
"ATG","legumes","soybeans",0.0992907801418439
"ATG","fish","shellfish",0.369017403915881
"ATG","fish","fish_freshw",0.136602610587382
"ATG","fish","fish_pelag",0.309916606236403
"ATG","fish","fish_demrs",0.184463379260334
"ATG","grains","wheat",0.787537661526101
"ATG","grains","rice",0.184792554734751
"ATG","grains","maize",0.0111902158144933
"ATG","grains","othr_grains",0.0164795679246546
"BHS","fruits","fruits_trop",0.606043110084681
"BHS","fruits","fruits_temp",0.216961765460611
"BHS","fruits","fruits_starch",0.176995124454709
"BHS","legumes","legumes",0.953125
"BHS","legumes","soybeans",0.046875
"BHS","fish","shellfish",0.40257502027575
"BHS","fish","fish_freshw",0.0801905920519059
"BHS","fish","fish_pelag",0.422039740470397
"BHS","fish","fish_demrs",0.0951946472019465
"BHS","grains","wheat",0.411328329551405
"BHS","grains","rice",0.32996764101669
"BHS","grains","maize",0.11024880164346
"BHS","grains","othr_grains",0.148455227788445
"BLZ","fruits","fruits_trop",0.69279267321476
"BLZ","fruits","fruits_temp",0.238850544199628
"BLZ","fruits","fruits_starch",0.0683567825856119
"BLZ","legumes","legumes",0.887005649717514
"BLZ","legumes","soybeans",0.112994350282486
"BLZ","fish","shellfish",0.370188816267248
"BLZ","fish","fish_freshw",0.0324981844589688
"BLZ","fish","fish_pelag",0.480573710965868
"BLZ","fish","fish_demrs",0.116739288307916
"BLZ","grains","wheat",0.404106738016367
"BLZ","grains","rice",0.383530454951144
"BLZ","grains","maize",0.178873105822267
"BLZ","grains","othr_grains",0.0334897012102215
"BRB","fruits","fruits_trop",0.309075130176048
"BRB","fruits","fruits_temp",0.510166129432185
"BRB","fruits","fruits_starch",0.180758740391768
"BRB","legumes","legumes",0.965653896961691
"BRB","legumes","soybeans",0.0343461030383091
"BRB","fish","shellfish",0.137057315936626
"BRB","fish","fish_freshw",0.0932548928238583
"BRB","fish","fish_pelag",0.667113233923579
"BRB","fish","fish_demrs",0.102574557315937
"BRB","grains","wheat",0.648102151386726
"BRB","grains","rice",0.214055343748083
"BRB","grains","maize",0.0944728038770122
"BRB","grains","othr_grains",0.0433697009881787
"DMA","fruits","fruits_trop",0.67396729254997
"DMA","fruits","fruits_temp",0.104445790430042
"DMA","fruits","fruits_starch",0.221586917019988
"DMA","legumes","legumes",0.997872340425532
"DMA","legumes","soybeans",0.00212765957446809
"DMA","fish","shellfish",0.0457809694793537
"DMA","fish","fish_freshw",0.0859964093357271
"DMA","fish","fish_pelag",0.753141831238779
"DMA","fish","fish_demrs",0.11508078994614
"DMA","grains","wheat",0.671848550799737
"DMA","grains","rice",0.236293916468028
"DMA","grains","maize",0.0532352229937472
"DMA","grains","othr_grains",0.0386223097384876
"GRD","fruits","fruits_trop",0.4
"GRD","fruits","fruits_temp",0.487520661157025
"GRD","fruits","fruits_starch",0.112479338842975
"GRD","legumes","legumes",1
"GRD","fish","shellfish",0.0751199704688077
"GRD","fish","fish_freshw",0.0267626430417128
"GRD","fish","fish_pelag",0.666482096714655
"GRD","fish","fish_demrs",0.231635289774825
"GRD","grains","wheat",0.717756762652305
"GRD","grains","rice",0.197604911160278
"GRD","grains","maize",0.0373121332714978
"GRD","grains","othr_grains",0.0473261929159189
"GUY","fruits","fruits_trop",0.558540267582904
"GUY","fruits","fruits_temp",0.285074704565568
"GUY","fruits","fruits_starch",0.156385027851528
"GUY","legumes","legumes",0.807432432432432
"GUY","legumes","soybeans",0.192567567567568
"GUY","fish","shellfish",0.660749702499008
"GUY","fish","fish_freshw",0.0681277270924236
"GUY","fish","fish_pelag",0.177608092026973
"GUY","fish","fish_demrs",0.0935144783815946
"GUY","grains","wheat",0.282883416433905
"GUY","grains","rice",0.706380510940771
"GUY","grains","maize",0.00972766119345924
"GUY","grains","othr_grains",0.0010084114318642
"JAM","fruits","fruits_trop",0.555363321799308
"JAM","fruits","fruits_temp",0.153402537485582
"JAM","fruits","fruits_starch",0.29123414071511
"JAM","legumes","legumes",0.996587030716723
"JAM","legumes","soybeans",0.00341296928327645
"JAM","fish","shellfish",0.228230890464933
"JAM","fish","fish_freshw",0.187253743104807
"JAM","fish","fish_pelag",0.448089046493302
"JAM","fish","fish_demrs",0.136426319936958
"JAM","grains","wheat",0.529461705255747
"JAM","grains","rice",0.364740022896089
"JAM","grains","maize",0.0757257084032196
"JAM","grains","othr_grains",0.0300725634449444
"KNA","fruits","fruits_trop",0.301646806801446
"KNA","fruits","fruits_temp",0.570089704110323
"KNA","fruits","fruits_starch",0.128263489088231
"KNA","legumes","legumes",0.962432915921288
"KNA","legumes","soybeans",0.037567084078712
"KNA","fish","shellfish",0.346565173628586
"KNA","fish","fish_freshw",0.190047810770005
"KNA","fish","fish_pelag",0.237355309511827
"KNA","fish","fish_demrs",0.226031706089582
"KNA","grains","wheat",0.565364877794207
"KNA","grains","rice",0.414942005331314
"KNA","grains","maize",0.00811976525845617
"KNA","grains","othr_grains",0.0115733516160226
"LCA","fruits","fruits_trop",0.294044818620775
"LCA","fruits","fruits_temp",0.46589080103999
"LCA","fruits","fruits_starch",0.240064380339235
"LCA","legumes","legumes",0.990369181380417
"LCA","legumes","soybeans",0.00963081861958266
"LCA","fish","shellfish",0.233048349056604
"LCA","fish","fish_freshw",0.102741745283019
"LCA","fish","fish_pelag",0.577093160377358
"LCA","fish","fish_demrs",0.0871167452830189
"LCA","grains","wheat",0.844768603515688
"LCA","grains","rice",0.1012532502036
"LCA","grains","maize",0.0393266594532839
"LCA","grains","othr_grains",0.0146514868274282
"SUR","fruits","fruits_trop",0.538547146904087
"SUR","fruits","fruits_temp",0.151052205584783
"SUR","fruits","fruits_starch",0.310400647511129
"SUR","legumes","legumes",0.942477876106195
"SUR","legumes","soybeans",0.0575221238938053
"SUR","fish","shellfish",0.253720238095238
"SUR","fish","fish_freshw",0.136458333333333
"SUR","fish","fish_pelag",0.46860119047619
"SUR","fish","fish_demrs",0.141220238095238
"SUR","grains","wheat",0.303339985150351
"SUR","grains","rice",0.680751653126958
"SUR","grains","maize",0.00922799613408429
"SUR","grains","othr_grains",0.00668036558860675
"TTO","fruits","fruits_trop",0.334427305546439
"TTO","fruits","fruits_temp",0.569412536921562
"TTO","fruits","fruits_starch",0.0961601575319987
"TTO","legumes","legumes",0.973770491803279
"TTO","legumes","soybeans",0.0262295081967213
"TTO","fish","shellfish",0.175084175084175
"TTO","fish","fish_freshw",0.131734006734007
"TTO","fish","fish_pelag",0.402777777777778
"TTO","fish","fish_demrs",0.29040404040404
"TTO","grains","wheat",0.718354248813427
"TTO","grains","rice",0.148284587701579
"TTO","grains","maize",0.0719422610085726
"TTO","grains","othr_grains",0.0614189024764219
"VCT","fruits","fruits_trop",0.161996842936069
"VCT","fruits","fruits_temp",0.38312286240463
"VCT","fruits","fruits_starch",0.4548802946593
"VCT","legumes","legumes",0.989615784008307
"VCT","legumes","soybeans",0.0103842159916926
"VCT","fish","shellfish",0.179209183673469
"VCT","fish","fish_freshw",0.114923469387755
"VCT","fish","fish_pelag",0.442984693877551
"VCT","fish","fish_demrs",0.262882653061224
"VCT","grains","wheat",0.712437719979888
"VCT","grains","rice",0.201827701027774
"VCT","grains","maize",0.0793351640817015
"VCT","grains","othr_grains",0.00639941491063674
"CHN","fruits","fruits_trop",0.27308075772682
"CHN","fruits","fruits_temp",0.655034895314058
"CHN","fruits","fruits_starch",0.0718843469591226
"CHN","legumes","legumes",0.285148514851485
"CHN","legumes","soybeans",0.714851485148515
"CHN","fish","shellfish",0.404681841696844
"CHN","fish","fish_freshw",0.468313502327988
"CHN","fish","fish_pelag",0.0247025349198138
"CHN","fish","fish_demrs",0.102302121055354
"CHN","grains","wheat",0.284896810826092
"CHN","grains","rice",0.671521559197103
"CHN","grains","maize",0.0281245422992162
"CHN","grains","othr_grains",0.0154570876775879
"FJI","fruits","fruits_trop",0.518194070080862
"FJI","fruits","fruits_temp",0.309973045822102
"FJI","fruits","fruits_starch",0.171832884097035
"FJI","legumes","legumes",0.911371237458194
"FJI","legumes","soybeans",0.088628762541806
"FJI","fish","shellfish",0.190282392026578
"FJI","fish","fish_freshw",0.054734219269103
"FJI","fish","fish_pelag",0.613870431893688
"FJI","fish","fish_demrs",0.141112956810631
"FJI","grains","wheat",0.500569561283448
"FJI","grains","rice",0.485492613118671
"FJI","grains","maize",0.00344111591264774
"FJI","grains","othr_grains",0.0104967096852333
"FSM","fruits","fruits_trop",0.626651027589372
"FSM","fruits","fruits_temp",0.0716507726044163
"FSM","fruits","fruits_starch",0.301698199806211
"FSM","legumes","legumes",0.0379746835443038
"FSM","legumes","soybeans",0.962025316455696
"FSM","fish","shellfish",0.0193454352722936
"FSM","fish","fish_freshw",0.0135153040943421
"FSM","fish","fish_pelag",0.743871737114085
"FSM","fish","fish_demrs",0.223267523519279
"FSM","grains","wheat",0.299757038642865
"FSM","grains","rice",0.699630169087555
"FSM","grains","maize",0.000212475711562682
"FSM","grains","othr_grains",0.000400316558016647
"IDN","fruits","fruits_trop",0.339018924302789
"IDN","fruits","fruits_temp",0.36566235059761
"IDN","fruits","fruits_starch",0.295318725099602
"IDN","legumes","legumes",0.410958904109589
"IDN","legumes","soybeans",0.589041095890411
"IDN","fish","shellfish",0.12505658669081
"IDN","fish","fish_freshw",0.459823449524672
"IDN","fish","fish_pelag",0.267881394296062
"IDN","fish","fish_demrs",0.147238569488456
"IDN","grains","wheat",0.118026438304175
"IDN","grains","rice",0.803876256815598
"IDN","grains","maize",0.0770278847792459
"IDN","grains","othr_grains",0.00106942010098158
"KHM","fruits","fruits_trop",0.379362670713202
"KHM","fruits","fruits_temp",0.268082953970663
"KHM","fruits","fruits_starch",0.352554375316136
"KHM","legumes","legumes",0.540275049115914
"KHM","legumes","soybeans",0.459724950884086
"KHM","fish","shellfish",0.0959938183547313
"KHM","fish","fish_freshw",0.825427960057061
"KHM","fish","fish_pelag",0.0448763670946267
"KHM","fish","fish_demrs",0.0337018544935806
"KHM","grains","wheat",0.00882823692021952
"KHM","grains","rice",0.959491854457672
"KHM","grains","maize",0.0316799086221087
"KIR","fruits","fruits_trop",0.626651027589372
"KIR","fruits","fruits_temp",0.0716507726044163
"KIR","fruits","fruits_starch",0.301698199806211
"KIR","legumes","legumes",0.0379746835443038
"KIR","legumes","soybeans",0.962025316455696
"KIR","fish","shellfish",0.0193454352722936
"KIR","fish","fish_freshw",0.0135153040943421
"KIR","fish","fish_pelag",0.743871737114085
"KIR","fish","fish_demrs",0.223267523519279
"KIR","grains","wheat",0.299757038642865
"KIR","grains","rice",0.699630169087555
"KIR","grains","maize",0.000212475711562682
"KIR","grains","othr_grains",0.000400316558016647
"LAO","fruits","fruits_trop",0.138393764825483
"LAO","fruits","fruits_temp",0.101050491358861
"LAO","fruits","fruits_starch",0.760555743815656
"LAO","legumes","legumes",0.355769230769231
"LAO","legumes","soybeans",0.644230769230769
"LAO","fish","shellfish",0.000602893890675241
"LAO","fish","fish_freshw",0.996181672025723
"LAO","fish","fish_pelag",0.00261254019292604
"LAO","fish","fish_demrs",0.000602893890675241
"LAO","grains","wheat",0.0103372470666376
"LAO","grains","rice",0.944364638678804
"LAO","grains","maize",0.0424871084732797
"LAO","grains","othr_grains",0.00281100578127864
"MMR","fruits","fruits_trop",0.218831898165481
"MMR","fruits","fruits_temp",0.436353425683265
"MMR","fruits","fruits_starch",0.344814676151254
"MMR","legumes","legumes",0.966521106259097
"MMR","legumes","soybeans",0.0334788937409025
"MMR","fish","shellfish",0.072829899167032
"MMR","fish","fish_freshw",0.779099079351162
"MMR","fish","fish_pelag",0.0769947391494958
"MMR","fish","fish_demrs",0.0710762823323104
"MMR","grains","wheat",0.0334003206790175
"MMR","grains","rice",0.941725788375744
"MMR","grains","maize",0.0158284486734355
"MMR","grains","othr_grains",0.00904544227180295
"MNG","fruits","fruits_trop",0.112299465240642
"MNG","fruits","fruits_temp",0.805704099821747
"MNG","fruits","fruits_starch",0.0819964349376114
"MNG","legumes","legumes",0.826923076923077
"MNG","legumes","soybeans",0.173076923076923
"MNG","fish","shellfish",0.0775862068965517
"MNG","fish","fish_freshw",0.0775862068965517
"MNG","fish","fish_pelag",0.78448275862069
"MNG","fish","fish_demrs",0.0603448275862069
"MNG","grains","wheat",0.878279200499688
"MNG","grains","rice",0.091289098159804
"MNG","grains","maize",0.000138134819583914
"MNG","grains","othr_grains",0.0302935665209244
"MYS","fruits","fruits_trop",0.453732584736951
"MYS","fruits","fruits_temp",0.372634643377001
"MYS","fruits","fruits_starch",0.173632771886047
"MYS","legumes","legumes",0.982638888888889
"MYS","legumes","soybeans",0.0173611111111111
"MYS","fish","shellfish",0.198519102698913
"MYS","fish","fish_freshw",0.15891167192429
"MYS","fish","fish_pelag",0.365711531720995
"MYS","fish","fish_demrs",0.276857693655801
"MYS","grains","wheat",0.232276191426737
"MYS","grains","rice",0.688105788261525
"MYS","grains","maize",0.0675243821830693
"MYS","grains","othr_grains",0.0120936381286686
"PHL","fruits","fruits_trop",0.163854954430871
"PHL","fruits","fruits_temp",0.380744618964514
"PHL","fruits","fruits_starch",0.455400426604615
"PHL","legumes","legumes",0.959731543624161
"PHL","legumes","soybeans",0.0402684563758389
"PHL","fish","shellfish",0.104916763453349
"PHL","fish","fish_freshw",0.29616724738676
"PHL","fish","fish_pelag",0.452187379016647
"PHL","fish","fish_demrs",0.146728610143244
"PHL","grains","wheat",0.114296574043633
"PHL","grains","rice",0.816087027087764
"PHL","grains","maize",0.068245849858298
"PHL","grains","othr_grains",0.00137054901030547
"PNG","fruits","fruits_trop",0.146580244412936
"PNG","fruits","fruits_temp",0.398386334481129
"PNG","fruits","fruits_starch",0.455033421105935
"PNG","legumes","legumes",0.692307692307692
"PNG","legumes","soybeans",0.307692307692308
"PNG","fish","shellfish",0.0197646348823174
"PNG","fish","fish_freshw",0.115117682558841
"PNG","fish","fish_pelag",0.832076041038021
"PNG","fish","fish_demrs",0.0330416415208208
"PNG","grains","wheat",0.473706290912239
"PNG","grains","rice",0.47563078931071
"PNG","grains","maize",0.0219402806171713
"PNG","grains","othr_grains",0.0287226391598799
"PRK","fruits","fruits_trop",0.0232793522267206
"PRK","fruits","fruits_temp",0.973515519568151
"PRK","fruits","fruits_starch",0.0032051282051282
"PRK","legumes","legumes",0.807663410969196
"PRK","legumes","soybeans",0.192336589030804
"PRK","fish","shellfish",0.168918918918919
"PRK","fish","fish_freshw",0.137387387387387
"PRK","fish","fish_pelag",0.140990990990991
"PRK","fish","fish_demrs",0.552702702702703
"PRK","grains","wheat",0.0949749838484307
"PRK","grains","rice",0.696207761768109
"PRK","grains","maize",0.191660907192331
"PRK","grains","othr_grains",0.0171563471911294
"SLB","fruits","fruits_trop",0.58673031026253
"SLB","fruits","fruits_temp",0.409069212410501
"SLB","fruits","fruits_starch",0.00420047732696897
"SLB","legumes","legumes",0.979939819458375
"SLB","legumes","soybeans",0.0200601805416249
"SLB","fish","shellfish",0.0932418699186992
"SLB","fish","fish_freshw",0.0878218157181572
"SLB","fish","fish_pelag",0.731114498644986
"SLB","fish","fish_demrs",0.0878218157181572
"SLB","grains","wheat",0.192829222808975
"SLB","grains","rice",0.805180982208943
"SLB","grains","maize",0.00198979498208136
"THA","fruits","fruits_trop",0.318744838976053
"THA","fruits","fruits_temp",0.590317919075145
"THA","fruits","fruits_starch",0.0909372419488026
"THA","legumes","legumes",0.565762004175365
"THA","legumes","soybeans",0.434237995824635
"THA","fish","shellfish",0.252888209310228
"THA","fish","fish_freshw",0.308953448861706
"THA","fish","fish_pelag",0.375212368331634
"THA","fish","fish_demrs",0.0629459734964322
"THA","grains","wheat",0.0814295959914151
"THA","grains","rice",0.879458462381009
"THA","grains","maize",0.0372347224576917
"THA","grains","othr_grains",0.00187721916988406
"TLS","fruits","fruits_trop",0.130012936610608
"TLS","fruits","fruits_temp",0.84346701164295
"TLS","fruits","fruits_starch",0.0265200517464424
"TLS","legumes","legumes",0.820876288659794
"TLS","legumes","soybeans",0.179123711340206
"TLS","fish","shellfish",0.158567774936061
"TLS","fish","fish_freshw",0.10997442455243
"TLS","fish","fish_pelag",0.630434782608696
"TLS","fish","fish_demrs",0.101023017902813
"TLS","grains","wheat",0.0778354423914794
"TLS","grains","rice",0.574263971726816
"TLS","grains","maize",0.345317744992448
"TLS","grains","othr_grains",0.00258284088925607
"VNM","fruits","fruits_trop",0.320264582080577
"VNM","fruits","fruits_temp",0.459410703547805
"VNM","fruits","fruits_starch",0.220324714371618
"VNM","legumes","legumes",0.212264150943396
"VNM","legumes","soybeans",0.787735849056604
"VNM","fish","shellfish",0.338266809536566
"VNM","fish","fish_freshw",0.466046075542459
"VNM","fish","fish_pelag",0.125033485132601
"VNM","fish","fish_demrs",0.070653629788374
"VNM","grains","wheat",0.0487765725686243
"VNM","grains","rice",0.906347075540095
"VNM","grains","maize",0.0446699630087618
"VNM","grains","othr_grains",0.000206388882518862
"VUT","fruits","fruits_trop",0.687408223201175
"VUT","fruits","fruits_temp",0.0838381057268723
"VUT","fruits","fruits_starch",0.228753671071953
"VUT","legumes","legumes",0.0277777777777778
"VUT","legumes","soybeans",0.972222222222222
"VUT","fish","shellfish",0.166063199473338
"VUT","fish","fish_freshw",0.0623765635286373
"VUT","fish","fish_pelag",0.697004608294931
"VUT","fish","fish_demrs",0.0745556287030942
"VUT","grains","wheat",0.405987302598329
"VUT","grains","rice",0.583083516224842
"VUT","grains","maize",0.000668794439175015
"VUT","grains","othr_grains",0.010260386737654
"WSM","fruits","fruits_trop",0.553854644745251
"WSM","fruits","fruits_temp",0.223784349038517
"WSM","fruits","fruits_starch",0.222361006216232
"WSM","legumes","legumes",0.00568181818181818
"WSM","legumes","soybeans",0.994318181818182
"WSM","fish","shellfish",0.14013894649523
"WSM","fish","fish_freshw",0.0372770634591456
"WSM","fish","fish_pelag",0.79007673164662
"WSM","fish","fish_demrs",0.0325072583990046
"WSM","grains","wheat",0.724536562008345
"WSM","grains","rice",0.249411987560972
"WSM","grains","maize",0.0163380637421269
"WSM","grains","othr_grains",0.00971338668855599
"ARG","fruits","fruits_trop",0.569154107924161
"ARG","fruits","fruits_temp",0.271511910549344
"ARG","fruits","fruits_starch",0.159333981526495
"ARG","legumes","legumes",0.995762711864407
"ARG","legumes","soybeans",0.00423728813559322
"ARG","fish","shellfish",0.375172890733057
"ARG","fish","fish_freshw",0.043222683264177
"ARG","fish","fish_pelag",0.188450899031812
"ARG","fish","fish_demrs",0.393153526970954
"ARG","grains","wheat",0.782372270260035
"ARG","grains","rice",0.126132132037364
"ARG","grains","maize",0.0793419433223933
"ARG","grains","othr_grains",0.012153654380207
"BGD","fruits","fruits_trop",0.114194236926361
"BGD","fruits","fruits_temp",0.690501600853789
"BGD","fruits","fruits_starch",0.195304162219851
"BGD","legumes","legumes",0.89454094292804
"BGD","legumes","soybeans",0.10545905707196
"BGD","fish","shellfish",0.0701515740380878
"BGD","fish","fish_freshw",0.85328410415857
"BGD","fish","fish_pelag",0.037116206762534
"BGD","fish","fish_demrs",0.0394481150408084
"BGD","grains","wheat",0.0529944525878947
"BGD","grains","rice",0.94506882954117
"BGD","grains","maize",0.00173256553617463
"BGD","grains","othr_grains",0.000204152334760337
"BOL","fruits","fruits_trop",0.432340595642614
"BOL","fruits","fruits_temp",0.160403757745353
"BOL","fruits","fruits_starch",0.407255646612033
"BOL","legumes","legumes",0.997635933806147
"BOL","legumes","soybeans",0.00236406619385343
"BOL","fish","shellfish",0.124505928853755
"BOL","fish","fish_freshw",0.484189723320158
"BOL","fish","fish_pelag",0.274703557312253
"BOL","fish","fish_demrs",0.116600790513834
"BOL","grains","wheat",0.402818547946789
"BOL","grains","rice",0.380535171745516
"BOL","grains","maize",0.182791771924818
"BOL","grains","othr_grains",0.0338545083828769
"BWA","fruits","fruits_trop",0.132038834951456
"BWA","fruits","fruits_temp",0.736245954692557
"BWA","fruits","fruits_starch",0.131715210355987
"BWA","legumes","legumes",0.566298342541436
"BWA","legumes","soybeans",0.433701657458563
"BWA","fish","shellfish",0.0316901408450704
"BWA","fish","fish_freshw",0.0528169014084507
"BWA","fish","fish_pelag",0.816901408450704
"BWA","fish","fish_demrs",0.0985915492957746
"BWA","grains","wheat",0.369338024754454
"BWA","grains","rice",0.136614707212077
"BWA","grains","maize",0.338778264829412
"BWA","grains","othr_grains",0.155269003204057
"CPV","fruits","fruits_trop",0.249531659797677
"CPV","fruits","fruits_temp",0.455788684900712
"CPV","fruits","fruits_starch",0.294679655301611
"CPV","legumes","legumes",0.998423955870764
"CPV","legumes","soybeans",0.00157604412923562
"CPV","fish","shellfish",0.182518115942029
"CPV","fish","fish_freshw",0.0846920289855072
"CPV","fish","fish_pelag",0.346467391304348
"CPV","fish","fish_demrs",0.386322463768116
"CPV","grains","wheat",0.210988867581862
"CPV","grains","rice",0.563399683173772
"CPV","grains","maize",0.218259920757193
"CPV","grains","othr_grains",0.00735152848717289
"DOM","fruits","fruits_trop",0.197817947817948
"DOM","fruits","fruits_temp",0.432724932724933
"DOM","fruits","fruits_starch",0.369457119457119
"DOM","legumes","legumes",0.996685082872928
"DOM","legumes","soybeans",0.00331491712707182
"DOM","fish","shellfish",0.123659117997616
"DOM","fish","fish_freshw",0.148688915375447
"DOM","fish","fish_pelag",0.419249106078665
"DOM","fish","fish_demrs",0.308402860548272
"DOM","grains","wheat",0.208347350970561
"DOM","grains","rice",0.748035166367399
"DOM","grains","maize",0.0334214248945131
"DOM","grains","othr_grains",0.0101960577675275
"ECU","fruits","fruits_trop",0.168158090976883
"ECU","fruits","fruits_temp",0.317549092716878
"ECU","fruits","fruits_starch",0.514292816306239
"ECU","legumes","legumes",1
"ECU","fish","shellfish",0.0641931684334511
"ECU","fish","fish_freshw",0.159599528857479
"ECU","fish","fish_pelag",0.379858657243816
"ECU","fish","fish_demrs",0.396348645465253
"ECU","grains","wheat",0.368517372077429
"ECU","grains","rice",0.417270136840585
"ECU","grains","maize",0.197205712676234
"ECU","grains","othr_grains",0.0170067784057521
"ETH","fruits","fruits_trop",0.0676883780332056
"ETH","fruits","fruits_temp",0.403575989782886
"ETH","fruits","fruits_starch",0.528735632183908
"ETH","legumes","legumes",0.996315789473684
"ETH","legumes","soybeans",0.00368421052631579
"ETH","fish","fish_freshw",0.962264150943396
"ETH","fish","fish_pelag",0.0377358490566038
"ETH","grains","wheat",0.224473095913154
"ETH","grains","rice",0.0313274061144468
"ETH","grains","maize",0.252094872327011
"ETH","grains","othr_grains",0.492104625645388
"GAB","fruits","fruits_trop",0.0239654659124739
"GAB","fruits","fruits_temp",0.0925870794879428
"GAB","fruits","fruits_starch",0.883447454599583
"GAB","legumes","legumes",1
"GAB","fish","shellfish",0.0278699402786994
"GAB","fish","fish_freshw",0.208029197080292
"GAB","fish","fish_pelag",0.4814200398142
"GAB","fish","fish_demrs",0.282680822826808
"GAB","grains","wheat",0.407657109212301
"GAB","grains","rice",0.502738575940511
"GAB","grains","maize",0.0818792409765104
"GAB","grains","othr_grains",0.00772507387067816
"GHA","fruits","fruits_trop",0.251755022996853
"GHA","fruits","fruits_temp",0.042556281771968
"GHA","fruits","fruits_starch",0.705688695231179
"GHA","legumes","legumes",0.99702823179792
"GHA","legumes","soybeans",0.00297176820208024
"GHA","fish","shellfish",0.00655770782889427
"GHA","fish","fish_freshw",0.20954398708636
"GHA","fish","fish_pelag",0.710351089588378
"GHA","fish","fish_demrs",0.073547215496368
"GHA","grains","wheat",0.20474535358349
"GHA","grains","rice",0.488210430350372
"GHA","grains","maize",0.199170430764768
"GHA","grains","othr_grains",0.10787378530137
"GTM","fruits","fruits_trop",0.515910629654705
"GTM","fruits","fruits_temp",0.318551117129316
"GTM","fruits","fruits_starch",0.165538253215978
"GTM","legumes","legumes",0.999337748344371
"GTM","legumes","soybeans",0.000662251655629139
"GTM","fish","shellfish",0.260551948051948
"GTM","fish","fish_freshw",0.267045454545455
"GTM","fish","fish_pelag",0.461850649350649
"GTM","fish","fish_demrs",0.0105519480519481
"GTM","grains","wheat",0.290897804260321
"GTM","grains","rice",0.0842606709912694
"GTM","grains","maize",0.608454478318445
"GTM","grains","othr_grains",0.0163870464299649
"HND","fruits","fruits_trop",0.511140235910878
"HND","fruits","fruits_temp",0.230668414154653
"HND","fruits","fruits_starch",0.258191349934469
"HND","legumes","legumes",0.997592295345104
"HND","legumes","soybeans",0.00240770465489567
"HND","fish","shellfish",0.0667293233082707
"HND","fish","fish_freshw",0.544172932330827
"HND","fish","fish_pelag",0.371240601503759
"HND","fish","fish_demrs",0.0178571428571429
"HND","grains","wheat",0.230567850376182
"HND","grains","rice",0.223861822813072
"HND","grains","maize",0.532353831398045
"HND","grains","othr_grains",0.0132164954126998
"HTI","fruits","fruits_trop",0.128049990081333
"HTI","fruits","fruits_temp",0.568042055147788
"HTI","fruits","fruits_starch",0.303907954770879
"HTI","legumes","legumes",1
"HTI","fish","shellfish",0.0638629283489097
"HTI","fish","fish_freshw",0.104361370716511
"HTI","fish","fish_pelag",0.738317757009346
"HTI","fish","fish_demrs",0.0934579439252336
"HTI","grains","wheat",0.191423741473866
"HTI","grains","rice",0.636093802213355
"HTI","grains","maize",0.155434120260256
"HTI","grains","othr_grains",0.0170483360525229
"IND","fruits","fruits_trop",0.23091976516634
"IND","fruits","fruits_temp",0.496010838476592
"IND","fruits","fruits_starch",0.273069396357068
"IND","legumes","legumes",0.980392156862745
"IND","legumes","soybeans",0.0196078431372549
"IND","fish","shellfish",0.072733918128655
"IND","fish","fish_freshw",0.759868421052632
"IND","fish","fish_pelag",0.0800438596491228
"IND","fish","fish_demrs",0.0873538011695906
"IND","grains","wheat",0.302475975127191
"IND","grains","rice",0.611644997173544
"IND","grains","maize",0.0341077821744865
"IND","grains","othr_grains",0.0517712455247786
"IRN","fruits","fruits_trop",0.335564413025494
"IRN","fruits","fruits_temp",0.628487628788449
"IRN","fruits","fruits_starch",0.035947958186057
"IRN","legumes","legumes",1
"IRN","fish","shellfish",0.0299568965517241
"IRN","fish","fish_freshw",0.521336206896552
"IRN","fish","fish_pelag",0.352370689655172
"IRN","fish","fish_demrs",0.0963362068965517
"IRN","grains","wheat",0.719553737613834
"IRN","grains","rice",0.261169960094413
"IRN","grains","maize",0.0165370674661339
"IRN","grains","othr_grains",0.00273923482561868
"ISR","fruits","fruits_trop",0.189353165671788
"ISR","fruits","fruits_temp",0.664252862315295
"ISR","fruits","fruits_starch",0.146393972012917
"ISR","legumes","legumes",0.959055118110236
"ISR","legumes","soybeans",0.0409448818897638
"ISR","fish","shellfish",0.0489620054837446
"ISR","fish","fish_freshw",0.535056795926361
"ISR","fish","fish_pelag",0.244418331374853
"ISR","fish","fish_demrs",0.171562867215041
"ISR","grains","wheat",0.760765960617294
"ISR","grains","rice",0.145634053937448
"ISR","grains","maize",0.0838691008894853
"ISR","grains","othr_grains",0.00973088455577282
"LSO","fruits","fruits_trop",0.151479289940828
"LSO","fruits","fruits_temp",0.750887573964497
"LSO","fruits","fruits_starch",0.0976331360946746
"LSO","legumes","legumes",0.992890995260663
"LSO","legumes","soybeans",0.0071090047393365
"LSO","fish","shellfish",0.0414364640883978
"LSO","fish","fish_freshw",0.179558011049724
"LSO","fish","fish_pelag",0.671270718232044
"LSO","fish","fish_demrs",0.107734806629834
"LSO","grains","wheat",0.165531439834062
"LSO","grains","rice",0.0400859612133768
"LSO","grains","maize",0.748652892165512
"LSO","grains","othr_grains",0.0457297067870492
"MDV","fruits","fruits_trop",0.33795326349718
"MDV","fruits","fruits_temp",0.600966962127317
"MDV","fruits","fruits_starch",0.0610797743755036
"MDV","legumes","legumes",0.785714285714286
"MDV","legumes","soybeans",0.214285714285714
"MDV","fish","shellfish",0.0669022176261059
"MDV","fish","fish_freshw",0.00922095829024474
"MDV","fish","fish_pelag",0.915345283235666
"MDV","fish","fish_demrs",0.00853154084798345
"MDV","grains","wheat",0.475330504576446
"MDV","grains","rice",0.512434840403073
"MDV","grains","maize",0.00630658465854732
"MDV","grains","othr_grains",0.00592807036193318
"MEX","fruits","fruits_trop",0.464279624893436
"MEX","fruits","fruits_temp",0.427365728900256
"MEX","fruits","fruits_starch",0.108354646206309
"MEX","legumes","legumes",0.999096657633243
"MEX","legumes","soybeans",0.000903342366757001
"MEX","fish","shellfish",0.272727272727273
"MEX","fish","fish_freshw",0.314738292011019
"MEX","fish","fish_pelag",0.287878787878788
"MEX","fish","fish_demrs",0.12465564738292
"MEX","grains","wheat",0.210105660284741
"MEX","grains","rice",0.0734555488742367
"MEX","grains","maize",0.709943497080186
"MEX","grains","othr_grains",0.00649529376083645
"NAM","fruits","fruits_trop",0.128476420798065
"NAM","fruits","fruits_temp",0.821644498186215
"NAM","fruits","fruits_starch",0.0498790810157195
"NAM","legumes","legumes",0.995145631067961
"NAM","legumes","soybeans",0.00485436893203883
"NAM","fish","shellfish",0.142857142857143
"NAM","fish","fish_freshw",0.122564935064935
"NAM","fish","fish_pelag",0.568993506493507
"NAM","fish","fish_demrs",0.165584415584416
"NAM","grains","wheat",0.405395332865374
"NAM","grains","rice",0.0949384667437621
"NAM","grains","maize",0.349698772364826
"NAM","grains","othr_grains",0.149967428026037
"NIC","fruits","fruits_trop",0.385305528612997
"NIC","fruits","fruits_temp",0.121241513094083
"NIC","fruits","fruits_starch",0.493452958292919
"NIC","legumes","legumes",0.998483699772555
"NIC","legumes","soybeans",0.00151630022744503
"NIC","fish","shellfish",0.24519940915805
"NIC","fish","fish_freshw",0.0886262924667652
"NIC","fish","fish_pelag",0.58493353028065
"NIC","fish","fish_demrs",0.0812407680945347
"NIC","grains","wheat",0.177864752891906
"NIC","grains","rice",0.48535593977352
"NIC","grains","maize",0.3211875921734
"NIC","grains","othr_grains",0.0155917151611738
"NPL","fruits","fruits_trop",0.149390895490489
"NPL","fruits","fruits_temp",0.650566360333405
"NPL","fruits","fruits_starch",0.200042744176106
"NPL","legumes","legumes",1
"NPL","fish","shellfish",0.0186084142394822
"NPL","fish","fish_freshw",0.937702265372168
"NPL","fish","fish_pelag",0.0218446601941748
"NPL","fish","fish_demrs",0.0218446601941748
"NPL","grains","wheat",0.184634838857458
"NPL","grains","rice",0.637566928568378
"NPL","grains","maize",0.141987370701774
"NPL","grains","othr_grains",0.0358108618723899
"PAK","fruits","fruits_trop",0.350649350649351
"PAK","fruits","fruits_temp",0.63961038961039
"PAK","fruits","fruits_starch",0.00974025974025974
"PAK","legumes","legumes",0.694894146948941
"PAK","legumes","soybeans",0.305105853051059
"PAK","fish","shellfish",0.0428994082840237
"PAK","fish","fish_freshw",0.74112426035503
"PAK","fish","fish_pelag",0.178994082840237
"PAK","fish","fish_demrs",0.0369822485207101
"PAK","grains","wheat",0.713059993446263
"PAK","grains","rice",0.168942641423632
"PAK","grains","maize",0.106418817251042
"PAK","grains","othr_grains",0.0115785478790635
"PAN","fruits","fruits_trop",0.355441382531527
"PAN","fruits","fruits_temp",0.182274638019617
"PAN","fruits","fruits_starch",0.462283979448856
"PAN","legumes","legumes",0.712765957446808
"PAN","legumes","soybeans",0.287234042553192
"PAN","fish","shellfish",0.17998585572843
"PAN","fish","fish_freshw",0.107850070721358
"PAN","fish","fish_pelag",0.672206506364922
"PAN","fish","fish_demrs",0.03995756718529
"PAN","grains","wheat",0.145858158087956
"PAN","grains","rice",0.719773368973206
"PAN","grains","maize",0.128866121800656
"PAN","grains","othr_grains",0.00550235113818132
"PER","fruits","fruits_trop",0.354324235448865
"PER","fruits","fruits_temp",0.215307464649786
"PER","fruits","fruits_starch",0.430368299901348
"PER","legumes","legumes",0.854984894259819
"PER","legumes","soybeans",0.145015105740181
"PER","fish","shellfish",0.109070616883117
"PER","fish","fish_freshw",0.146408279220779
"PER","fish","fish_pelag",0.577414772727273
"PER","fish","fish_demrs",0.167106331168831
"PER","grains","wheat",0.307844762993154
"PER","grains","rice",0.551657860910642
"PER","grains","maize",0.107188305822921
"PER","grains","othr_grains",0.0333090702732838
"PRY","fruits","fruits_trop",0.721678509183537
"PRY","fruits","fruits_temp",0.252178576216651
"PRY","fruits","fruits_starch",0.0261429145998123
"PRY","legumes","legumes",0.997927461139896
"PRY","legumes","soybeans",0.00207253886010363
"PRY","fish","shellfish",0.025
"PRY","fish","fish_freshw",0.866463414634146
"PRY","fish","fish_pelag",0.105487804878049
"PRY","fish","fish_demrs",0.00304878048780488
"PRY","grains","wheat",0.298608659663303
"PRY","grains","rice",0.10212900634198
"PRY","grains","maize",0.596508867816582
"PRY","grains","othr_grains",0.00275346617813539
"RWA","fruits","fruits_trop",0.0169551898553822
"RWA","fruits","fruits_temp",0.0722376576191494
"RWA","fruits","fruits_starch",0.910807152525468
"RWA","legumes","legumes",0.951850955722236
"RWA","legumes","soybeans",0.0481490442777643
"RWA","fish","shellfish",0.161553524804178
"RWA","fish","fish_freshw",0.486618798955613
"RWA","fish","fish_pelag",0.190274151436031
"RWA","fish","fish_demrs",0.161553524804178
"RWA","grains","wheat",0.254217021011217
"RWA","grains","rice",0.303685165250825
"RWA","grains","maize",0.225258471324799
"RWA","grains","othr_grains",0.216839342413158
"SLV","fruits","fruits_trop",0.352110916812391
"SLV","fruits","fruits_temp",0.328128903322508
"SLV","fruits","fruits_starch",0.319760179865101
"SLV","legumes","legumes",0.953098827470687
"SLV","legumes","soybeans",0.0469011725293132
"SLV","fish","shellfish",0.0843419062027232
"SLV","fish","fish_freshw",0.21142208774584
"SLV","fish","fish_pelag",0.690998487140696
"SLV","fish","fish_demrs",0.0132375189107413
"SLV","grains","wheat",0.269423523676516
"SLV","grains","rice",0.143728987025624
"SLV","grains","maize",0.498205568311005
"SLV","grains","othr_grains",0.0886419209868551
"TJK","fruits","fruits_trop",0.0166061235080436
"TJK","fruits","fruits_temp",0.979501816294759
"TJK","fruits","fruits_starch",0.00389206019719772
"TJK","legumes","legumes",1
"TJK","fish","shellfish",0.00555555555555555
"TJK","fish","fish_freshw",0.405555555555556
"TJK","fish","fish_pelag",0.161111111111111
"TJK","fish","fish_demrs",0.427777777777778
"TJK","grains","wheat",0.782970247194862
"TJK","grains","rice",0.109769190197879
"TJK","grains","maize",0.05609741078576
"TJK","grains","othr_grains",0.0511631518214992
"TKM","fruits","fruits_trop",0.0277979651162791
"TKM","fruits","fruits_temp",0.972202034883721
"TKM","fish","shellfish",0.000865051903114187
"TKM","fish","fish_freshw",0.893598615916955
"TKM","fish","fish_pelag",0.10121107266436
"TKM","fish","fish_demrs",0.00432525951557093
"TKM","grains","wheat",0.873957981587653
"TKM","grains","rice",0.117826040456211
"TKM","grains","maize",0.000248750539259925
"TKM","grains","othr_grains",0.00796722741687586
"TUR","fruits","fruits_trop",0.256956058993462
"TUR","fruits","fruits_temp",0.691500684202524
"TUR","fruits","fruits_starch",0.051543256804014
"TUR","legumes","legumes",0.999231950844854
"TUR","legumes","soybeans",0.000768049155145929
"TUR","fish","shellfish",0.109730848861284
"TUR","fish","fish_freshw",0.238095238095238
"TUR","fish","fish_pelag",0.474120082815735
"TUR","fish","fish_demrs",0.178053830227743
"TUR","grains","wheat",0.81175071360609
"TUR","grains","rice",0.097160213715875
"TUR","grains","maize",0.0796238015077216
"TUR","grains","othr_grains",0.011465271170314
"UZB","fruits","fruits_trop",0.0128759583251425
"UZB","fruits","fruits_temp",0.979948889325732
"UZB","fruits","fruits_starch",0.00717515234912522
"UZB","legumes","legumes",1
"UZB","fish","shellfish",0.000912408759124088
"UZB","fish","fish_freshw",0.946167883211679
"UZB","fish","fish_pelag",0.0483576642335766
"UZB","fish","fish_demrs",0.00456204379562044
"UZB","grains","wheat",0.912801123011415
"UZB","grains","rice",0.0449749717202829
"UZB","grains","maize",0.0278981112458846
"UZB","grains","othr_grains",0.0143257940224174
"VEN","fruits","fruits_trop",0.352289358143425
"VEN","fruits","fruits_temp",0.197679280786117
"VEN","fruits","fruits_starch",0.450031361070458
"VEN","legumes","legumes",1
"VEN","fish","shellfish",0.15475
"VEN","fish","fish_freshw",0.09375
"VEN","fish","fish_pelag",0.61775
"VEN","fish","fish_demrs",0.13375
"VEN","grains","wheat",0.245433786779328
"VEN","grains","rice",0.420811975201853
"VEN","grains","maize",0.332452585643442
"VEN","grains","othr_grains",0.00130165237537652
"ZAF","fruits","fruits_trop",0.308701355487538
"ZAF","fruits","fruits_temp",0.278530826410144
"ZAF","fruits","fruits_starch",0.412767818102317
"ZAF","legumes","legumes",0.329113924050633
"ZAF","legumes","soybeans",0.670886075949367
"ZAF","fish","shellfish",0.0723270440251572
"ZAF","fish","fish_freshw",0.0440251572327044
"ZAF","fish","fish_pelag",0.455974842767296
"ZAF","fish","fish_demrs",0.427672955974843
"ZAF","grains","wheat",0.336330827812591
"ZAF","grains","rice",0.168354092876677
"ZAF","grains","maize",0.478078271904609
"ZAF","grains","othr_grains",0.0172368074061231
"ZWE","fruits","fruits_trop",0.232083792723264
"ZWE","fruits","fruits_temp",0.131753031973539
"ZWE","fruits","fruits_starch",0.636163175303197
"ZWE","legumes","legumes",0.82967032967033
"ZWE","legumes","soybeans",0.17032967032967
"ZWE","fish","shellfish",0.00504322766570605
"ZWE","fish","fish_freshw",0.595821325648415
"ZWE","fish","fish_pelag",0.379682997118156
"ZWE","fish","fish_demrs",0.0194524495677233
"ZWE","grains","wheat",0.184595139561908
"ZWE","grains","rice",0.0187169582531451
"ZWE","grains","maize",0.735979505504853
"ZWE","grains","othr_grains",0.0607083966800939
"AUS","fruits","fruits_trop",0.277985332779853
"AUS","fruits","fruits_temp",0.534938425349384
"AUS","fruits","fruits_starch",0.187076241870762
"AUS","legumes","legumes",0.612565445026178
"AUS","legumes","soybeans",0.387434554973822
"AUS","fish","shellfish",0.349508134695422
"AUS","fish","fish_freshw",0.172814982973893
"AUS","fish","fish_pelag",0.234487325009459
"AUS","fish","fish_demrs",0.243189557321226
"AUS","grains","wheat",0.758822503439856
"AUS","grains","rice",0.184104959206217
"AUS","grains","maize",0.0368171159473654
"AUS","grains","othr_grains",0.0202554214065619
"JPN","fruits","fruits_trop",0.292532942898975
"JPN","fruits","fruits_temp",0.515959004392387
"JPN","fruits","fruits_starch",0.191508052708638
"JPN","legumes","legumes",0.153518123667377
"JPN","legumes","soybeans",0.846481876332623
"JPN","fish","shellfish",0.353495209059233
"JPN","fish","fish_freshw",0.140516114982578
"JPN","fish","fish_pelag",0.332589285714286
"JPN","fish","fish_demrs",0.173399390243902
"JPN","grains","wheat",0.270718421159469
"JPN","grains","rice",0.645431945060272
"JPN","grains","maize",0.0727782629219726
"JPN","grains","othr_grains",0.011071370858286
"KOR","fruits","fruits_trop",0.325934579439252
"KOR","fruits","fruits_temp",0.519665109034268
"KOR","fruits","fruits_starch",0.15440031152648
"KOR","legumes","legumes",0.19
"KOR","legumes","soybeans",0.81
"KOR","fish","shellfish",0.355673262125722
"KOR","fish","fish_freshw",0.0362896165295045
"KOR","fish","fish_pelag",0.263045000875503
"KOR","fish","fish_demrs",0.34499212046927
"KOR","grains","wheat",0.234690136109806
"KOR","grains","rice",0.699760674469249
"KOR","grains","maize",0.0592075900047912
"KOR","grains","othr_grains",0.00634159941615348
"NZL","fruits","fruits_trop",0.213781957096679
"NZL","fruits","fruits_temp",0.566705847781369
"NZL","fruits","fruits_starch",0.219512195121951
"NZL","legumes","legumes",0.755555555555556
"NZL","legumes","soybeans",0.244444444444444
"NZL","fish","shellfish",0.185581583198708
"NZL","fish","fish_freshw",0.107229402261712
"NZL","fish","fish_pelag",0.231219709208401
"NZL","fish","fish_demrs",0.475969305331179
"NZL","grains","wheat",0.786515828949227
"NZL","grains","rice",0.119925552708838
"NZL","grains","maize",0.0384573880481616
"NZL","grains","othr_grains",0.0551012302937731
"ALB","fruits","fruits_trop",0.128844821152513
"ALB","fruits","fruits_temp",0.836824990671144
"ALB","fruits","fruits_starch",0.034330188176342
"ALB","legumes","legumes",1
"ALB","fish","shellfish",0.271122685185185
"ALB","fish","fish_freshw",0.0789930555555556
"ALB","fish","fish_pelag",0.396122685185185
"ALB","fish","fish_demrs",0.253761574074074
"ALB","grains","wheat",0.876579877295293
"ALB","grains","rice",0.105894928883634
"ALB","grains","maize",0.0132326970187659
"ALB","grains","othr_grains",0.00429249680230667
"ARM","fruits","fruits_trop",0.0704539373940962
"ARM","fruits","fruits_temp",0.861678408989566
"ARM","fruits","fruits_starch",0.0678676536163382
"ARM","legumes","legumes",0.99537037037037
"ARM","legumes","soybeans",0.00462962962962963
"ARM","fish","shellfish",0.0743127147766323
"ARM","fish","fish_freshw",0.756443298969072
"ARM","fish","fish_pelag",0.137886597938144
"ARM","fish","fish_demrs",0.0313573883161512
"ARM","grains","wheat",0.945687916795662
"ARM","grains","rice",0.0275283860333186
"ARM","grains","maize",0.000808280270765523
"ARM","grains","othr_grains",0.0259754169002535
"AZE","fruits","fruits_trop",0.123915737298637
"AZE","fruits","fruits_temp",0.829739776951673
"AZE","fruits","fruits_starch",0.0463444857496902
"AZE","legumes","legumes",1
"AZE","fish","shellfish",0.0664556962025316
"AZE","fish","fish_freshw",0.224683544303797
"AZE","fish","fish_pelag",0.585443037974684
"AZE","fish","fish_demrs",0.123417721518987
"AZE","grains","wheat",0.928670728622702
"AZE","grains","rice",0.0186982316723711
"AZE","grains","maize",0.0475863592557848
"AZE","grains","othr_grains",0.00504468044914177
"BIH","fruits","fruits_trop",0.142580701908699
"BIH","fruits","fruits_temp",0.731462749582197
"BIH","fruits","fruits_starch",0.125956548509104
"BIH","legumes","legumes",0.850746268656716
"BIH","legumes","soybeans",0.149253731343284
"BIH","fish","shellfish",0.0823275862068966
"BIH","fish","fish_freshw",0.239224137931034
"BIH","fish","fish_pelag",0.415086206896552
"BIH","fish","fish_demrs",0.263362068965517
"BIH","grains","wheat",0.530759719938092
"BIH","grains","rice",0.0236640718244285
"BIH","grains","maize",0.409465469910497
"BIH","grains","othr_grains",0.0361107383269819
"BLR","fruits","fruits_trop",0.12806389424401
"BLR","fruits","fruits_temp",0.766868631231066
"BLR","fruits","fruits_starch",0.105067474524924
"BLR","legumes","legumes",0.03125
"BLR","legumes","soybeans",0.96875
"BLR","fish","shellfish",0.0629222972972973
"BLR","fish","fish_freshw",0.122043918918919
"BLR","fish","fish_pelag",0.550253378378378
"BLR","fish","fish_demrs",0.264780405405405
"BLR","grains","wheat",0.625546253517213
"BLR","grains","rice",0.0340431444749366
"BLR","grains","maize",0.00415465314204328
"BLR","grains","othr_grains",0.336255948865808
"GEO","fruits","fruits_trop",0.274343960095424
"GEO","fruits","fruits_temp",0.599436130991108
"GEO","fruits","fruits_starch",0.126219908913468
"GEO","legumes","legumes",0.75
"GEO","legumes","soybeans",0.25
"GEO","fish","shellfish",0.0522471910112359
"GEO","fish","fish_freshw",0.17247191011236
"GEO","fish","fish_pelag",0.670224719101124
"GEO","fish","fish_demrs",0.105056179775281
"GEO","grains","wheat",0.791683011217136
"GEO","grains","rice",0.0180708288339908
"GEO","grains","maize",0.118910461246887
"GEO","grains","othr_grains",0.0713356987019856
"KAZ","fruits","fruits_trop",0.105869445968184
"KAZ","fruits","fruits_temp",0.861766319253977
"KAZ","fruits","fruits_starch",0.0323642347778387
"KAZ","legumes","legumes",0.842105263157895
"KAZ","legumes","soybeans",0.157894736842105
"KAZ","fish","shellfish",0.0759717314487633
"KAZ","fish","fish_freshw",0.284452296819788
"KAZ","fish","fish_pelag",0.531802120141343
"KAZ","fish","fish_demrs",0.107773851590106
"KAZ","grains","wheat",0.755281448021242
"KAZ","grains","rice",0.121303162697867
"KAZ","grains","maize",0.00965135919488552
"KAZ","grains","othr_grains",0.113764030086005
"KGZ","fruits","fruits_trop",0.0662576687116564
"KGZ","fruits","fruits_temp",0.887361963190184
"KGZ","fruits","fruits_starch",0.0463803680981595
"KGZ","legumes","legumes",0.985507246376812
"KGZ","legumes","soybeans",0.0144927536231884
"KGZ","fish","shellfish",0.0157657657657658
"KGZ","fish","fish_freshw",0.484234234234234
"KGZ","fish","fish_pelag",0.349099099099099
"KGZ","fish","fish_demrs",0.150900900900901
"KGZ","grains","wheat",0.791510672057508
"KGZ","grains","rice",0.0526822759990149
"KGZ","grains","maize",0.150457774688193
"KGZ","grains","othr_grains",0.00534927725528459
"MDA","fruits","fruits_trop",0.0764211318860585
"MDA","fruits","fruits_temp",0.892458275818798
"MDA","fruits","fruits_starch",0.0311205922951437
"MDA","legumes","legumes",0.974358974358974
"MDA","legumes","soybeans",0.0256410256410256
"MDA","fish","shellfish",0.0400516795865633
"MDA","fish","fish_freshw",0.36046511627907
"MDA","fish","fish_pelag",0.391472868217054
"MDA","fish","fish_demrs",0.208010335917313
"MDA","grains","wheat",0.273307439187389
"MDA","grains","rice",0.0356351394969488
"MDA","grains","maize",0.660220569599002
"MDA","grains","othr_grains",0.0308368517166606
"MNE","fruits","fruits_trop",0.284129357148477
"MNE","fruits","fruits_temp",0.55818711149579
"MNE","fruits","fruits_starch",0.157683531355732
"MNE","legumes","legumes",0.995575221238938
"MNE","legumes","soybeans",0.00442477876106195
"MNE","fish","shellfish",0.216820440028389
"MNE","fish","fish_freshw",0.177075940383251
"MNE","fish","fish_pelag",0.375798438608942
"MNE","fish","fish_demrs",0.230305180979418
"MNE","grains","wheat",0.919302216602859
"MNE","grains","rice",0.0203358060494602
"MNE","grains","maize",0.0234539629770441
"MNE","grains","othr_grains",0.0369080143706363
"RUS","fruits","fruits_trop",0.218196202531646
"RUS","fruits","fruits_temp",0.621360759493671
"RUS","fruits","fruits_starch",0.160443037974684
"RUS","legumes","legumes",0.94980694980695
"RUS","legumes","soybeans",0.0501930501930502
"RUS","fish","shellfish",0.0911354581673307
"RUS","fish","fish_freshw",0.276892430278884
"RUS","fish","fish_pelag",0.25996015936255
"RUS","fish","fish_demrs",0.372011952191235
"RUS","grains","wheat",0.871634096272934
"RUS","grains","rice",0.0639315787002855
"RUS","grains","maize",0.00288588341235868
"RUS","grains","othr_grains",0.0615484416144217
"SRB","fruits","fruits_trop",0.101396893621178
"SRB","fruits","fruits_temp",0.814789489108137
"SRB","fruits","fruits_starch",0.0838136172706848
"SRB","legumes","legumes",0.996350364963504
"SRB","legumes","soybeans",0.00364963503649635
"SRB","fish","shellfish",0.0395799676898223
"SRB","fish","fish_freshw",0.310985460420032
"SRB","fish","fish_pelag",0.433764135702746
"SRB","fish","fish_demrs",0.215670436187399
"SRB","grains","wheat",0.778454868039302
"SRB","grains","rice",0.00862840687252608
"SRB","grains","maize",0.177863822168534
"SRB","grains","othr_grains",0.0350529029196372
"UKR","fruits","fruits_trop",0.153555219364599
"UKR","fruits","fruits_temp",0.739220877458396
"UKR","fruits","fruits_starch",0.107223903177005
"UKR","legumes","legumes",0.97972972972973
"UKR","legumes","soybeans",0.0202702702702703
"UKR","fish","shellfish",0.0945485519591141
"UKR","fish","fish_freshw",0.185689948892675
"UKR","fish","fish_pelag",0.496592844974446
"UKR","fish","fish_demrs",0.223168654173765
"UKR","grains","wheat",0.73353824082608
"UKR","grains","rice",0.0321123682663075
"UKR","grains","maize",0.11003949404253
"UKR","grains","othr_grains",0.124309896865082
"AUT","fruits","fruits_trop",0.163160998623943
"AUT","fruits","fruits_temp",0.71830155297818
"AUT","fruits","fruits_starch",0.118537448397877
"AUT","legumes","legumes",0.320634920634921
"AUT","legumes","soybeans",0.679365079365079
"AUT","fish","shellfish",0.188260558339299
"AUT","fish","fish_freshw",0.306370794559771
"AUT","fish","fish_pelag",0.294917680744452
"AUT","fish","fish_demrs",0.210450966356478
"AUT","grains","wheat",0.737606799373742
"AUT","grains","rice",0.061619324535898
"AUT","grains","maize",0.083800044732722
"AUT","grains","othr_grains",0.116973831357638
"BEL","fruits","fruits_trop",0.57232
"BEL","fruits","fruits_temp",0.29912
"BEL","fruits","fruits_starch",0.12856
"BEL","legumes","legumes",0.929328621908127
"BEL","legumes","soybeans",0.0706713780918728
"BEL","fish","shellfish",0.175578350065474
"BEL","fish","fish_freshw",0.300851156700131
"BEL","fish","fish_pelag",0.18692710606722
"BEL","fish","fish_demrs",0.336643387167176
"BEL","grains","wheat",0.859503489453862
"BEL","grains","rice",0.113373597413048
"BEL","grains","maize",0.00791222071655703
"BEL","grains","othr_grains",0.0192106924165328
"CHE","fruits","fruits_trop",0.258403113574714
"CHE","fruits","fruits_temp",0.609977591697134
"CHE","fruits","fruits_starch",0.131619294728152
"CHE","legumes","legumes",0.939393939393939
"CHE","legumes","soybeans",0.0606060606060606
"CHE","fish","shellfish",0.272268408551069
"CHE","fish","fish_freshw",0.368467933491686
"CHE","fish","fish_pelag",0.183788598574822
"CHE","fish","fish_demrs",0.175475059382423
"CHE","grains","wheat",0.911377005608865
"CHE","grains","rice",0.0312689323613907
"CHE","grains","maize",0.00657380445191425
"CHE","grains","othr_grains",0.0507802575778303
"CYP","fruits","fruits_trop",0.434500132590825
"CYP","fruits","fruits_temp",0.45213471227791
"CYP","fruits","fruits_starch",0.113365155131265
"CYP","legumes","legumes",0.978125
"CYP","legumes","soybeans",0.021875
"CYP","fish","shellfish",0.412091239402503
"CYP","fish","fish_freshw",0.203774727492935
"CYP","fish","fish_pelag",0.167844166330238
"CYP","fish","fish_demrs",0.216289866774324
"CYP","grains","wheat",0.824108831991752
"CYP","grains","rice",0.0445342922817162
"CYP","grains","maize",0.0676272514802392
"CYP","grains","othr_grains",0.0637296242462922
"DEU","fruits","fruits_trop",0.198559150657229
"DEU","fruits","fruits_temp",0.654448938321537
"DEU","fruits","fruits_starch",0.146991911021234
"DEU","legumes","legumes",0.451977401129944
"DEU","legumes","soybeans",0.548022598870057
"DEU","fish","shellfish",0.127265563435776
"DEU","fish","fish_freshw",0.353427895981087
"DEU","fish","fish_pelag",0.202127659574468
"DEU","fish","fish_demrs",0.317178881008668
"DEU","grains","wheat",0.749980776410148
"DEU","grains","rice",0.0523773172783854
"DEU","grains","maize",0.0858909994595107
"DEU","grains","othr_grains",0.111750906851956
"DNK","fruits","fruits_trop",0.271730618637431
"DNK","fruits","fruits_temp",0.500548159749413
"DNK","fruits","fruits_starch",0.227721221613156
"DNK","legumes","legumes",0.875
"DNK","legumes","soybeans",0.125
"DNK","fish","shellfish",0.305294780322944
"DNK","fish","fish_freshw",0.0814870446864439
"DNK","fish","fish_pelag",0.37514081862561
"DNK","fish","fish_demrs",0.238077356365002
"DNK","grains","wheat",0.755879288616314
"DNK","grains","rice",0.0500461789742353
"DNK","grains","maize",0.0472458677779952
"DNK","grains","othr_grains",0.146828664631455
"ESP","fruits","fruits_trop",0.538170282439623
"ESP","fruits","fruits_temp",0.384568153909128
"ESP","fruits","fruits_starch",0.0772615636512485
"ESP","legumes","legumes",0.991007194244604
"ESP","legumes","soybeans",0.00899280575539568
"ESP","fish","shellfish",0.342778039585297
"ESP","fish","fish_freshw",0.0727497643732328
"ESP","fish","fish_pelag",0.274210650329877
"ESP","fish","fish_demrs",0.310261545711593
"ESP","grains","wheat",0.828544214560539
"ESP","grains","rice",0.138631914548619
"ESP","grains","maize",0.0154857539868756
"ESP","grains","othr_grains",0.017338116903966
"FIN","fruits","fruits_trop",0.283068783068783
"FIN","fruits","fruits_temp",0.47020328599276
"FIN","fruits","fruits_starch",0.246727930938457
"FIN","legumes","legumes",0.852941176470588
"FIN","legumes","soybeans",0.147058823529412
"FIN","fish","shellfish",0.0648286140089419
"FIN","fish","fish_freshw",0.535171385991058
"FIN","fish","fish_pelag",0.297615499254844
"FIN","fish","fish_demrs",0.102384500745156
"FIN","grains","wheat",0.627739513717155
"FIN","grains","rice",0.0524569614475396
"FIN","grains","othr_grains",0.319803524835306
"FRA","fruits","fruits_trop",0.363938710060577
"FRA","fruits","fruits_temp",0.553747475947262
"FRA","fruits","fruits_starch",0.0823138139921606
"FRA","legumes","legumes",0.914893617021277
"FRA","legumes","soybeans",0.0851063829787234
"FRA","fish","shellfish",0.294179417941794
"FRA","fish","fish_freshw",0.116261626162616
"FRA","fish","fish_pelag",0.215571557155716
"FRA","fish","fish_demrs",0.373987398739874
"FRA","grains","wheat",0.835763596937647
"FRA","grains","rice",0.0669336637606762
"FRA","grains","maize",0.0848619285745895
"FRA","grains","othr_grains",0.0124408107270877
"GBR","fruits","fruits_trop",0.308516063233044
"GBR","fruits","fruits_temp",0.504971953085161
"GBR","fruits","fruits_starch",0.186511983681795
"GBR","legumes","legumes",0.935185185185185
"GBR","legumes","soybeans",0.0648148148148148
"GBR","fish","shellfish",0.216397849462366
"GBR","fish","fish_freshw",0.178225806451613
"GBR","fish","fish_pelag",0.170161290322581
"GBR","fish","fish_demrs",0.435215053763441
"GBR","grains","wheat",0.841780765073439
"GBR","grains","rice",0.0675941193116199
"GBR","grains","maize",0.027528605011364
"GBR","grains","othr_grains",0.0630965106035775
"GRC","fruits","fruits_trop",0.245310994143376
"GRC","fruits","fruits_temp",0.648676699532953
"GRC","fruits","fruits_starch",0.106012306323671
"GRC","legumes","legumes",0.989451476793249
"GRC","legumes","soybeans",0.0105485232067511
"GRC","fish","shellfish",0.308981576253838
"GRC","fish","fish_freshw",0.107855680655067
"GRC","fish","fish_pelag",0.230168884339816
"GRC","fish","fish_demrs",0.352993858751279
"GRC","grains","wheat",0.924985707508728
"GRC","grains","rice",0.0448190070016833
"GRC","grains","maize",0.0107818250037661
"GRC","grains","othr_grains",0.0194134604858231
"IRL","fruits","fruits_trop",0.386487221315933
"IRL","fruits","fruits_temp",0.449429037520392
"IRL","fruits","fruits_starch",0.164083741163676
"IRL","legumes","legumes",0.783783783783784
"IRL","legumes","soybeans",0.216216216216216
"IRL","fish","shellfish",0.0589571614019905
"IRL","fish","fish_freshw",0.157615750757248
"IRL","fish","fish_pelag",0.469601903937689
"IRL","fish","fish_demrs",0.313825183903072
"IRL","grains","wheat",0.842279052459834
"IRL","grains","rice",0.0430384094803087
"IRL","grains","maize",0.0768864317580526
"IRL","grains","othr_grains",0.0377961063018045
"ISL","fruits","fruits_trop",0.231102917254094
"ISL","fruits","fruits_temp",0.543975707623902
"ISL","fruits","fruits_starch",0.224921375122004
"ISL","legumes","legumes",0.679611650485437
"ISL","legumes","soybeans",0.320388349514563
"ISL","fish","shellfish",0.17518805189142
"ISL","fish","fish_freshw",0.109887713943094
"ISL","fish","fish_pelag",0.48446527853483
"ISL","fish","fish_demrs",0.230458955630655
"ISL","grains","wheat",0.890199791516701
"ISL","grains","rice",0.063321575034573
"ISL","grains","othr_grains",0.046478633448726
"ITA","fruits","fruits_trop",0.339168665067946
"ITA","fruits","fruits_temp",0.566506794564348
"ITA","fruits","fruits_starch",0.0943245403677058
"ITA","legumes","legumes",0.992380952380952
"ITA","legumes","soybeans",0.00761904761904762
"ITA","fish","shellfish",0.404801880456682
"ITA","fish","fish_freshw",0.127770315648086
"ITA","fish","fish_pelag",0.194257891202149
"ITA","fish","fish_demrs",0.273169912693083
"ITA","grains","wheat",0.894038420954823
"ITA","grains","rice",0.0660665295464639
"ITA","grains","maize",0.0242327935668996
"ITA","grains","othr_grains",0.0156622559318137
"LUX","fruits","fruits_trop",0.331362242663163
"LUX","fruits","fruits_temp",0.555300043802015
"LUX","fruits","fruits_starch",0.113337713534823
"LUX","legumes","legumes",0.894736842105263
"LUX","legumes","soybeans",0.105263157894737
"LUX","fish","shellfish",0.307357594936709
"LUX","fish","fish_freshw",0.263370253164557
"LUX","fish","fish_pelag",0.151977848101266
"LUX","fish","fish_demrs",0.277294303797468
"LUX","grains","wheat",0.882378023568327
"LUX","grains","rice",0.048777651436841
"LUX","grains","maize",0.0169397353731652
"LUX","grains","othr_grains",0.0519045896216663
"NLD","fruits","fruits_trop",0.296779982055628
"NLD","fruits","fruits_temp",0.543016648389991
"NLD","fruits","fruits_starch",0.160203369554381
"NLD","legumes","legumes",0.490322580645161
"NLD","legumes","soybeans",0.509677419354839
"NLD","fish","shellfish",0.216970387243736
"NLD","fish","fish_freshw",0.0447608200455581
"NLD","fish","fish_pelag",0.315831435079727
"NLD","fish","fish_demrs",0.42243735763098
"NLD","grains","wheat",0.728670379589212
"NLD","grains","rice",0.0623978525307995
"NLD","grains","maize",0.0311839070886418
"NLD","grains","othr_grains",0.177747860791347
"NOR","fruits","fruits_trop",0.279827564346393
"NOR","fruits","fruits_temp",0.529478889311525
"NOR","fruits","fruits_starch",0.190693546342082
"NOR","legumes","legumes",0.959183673469388
"NOR","legumes","soybeans",0.0408163265306122
"NOR","fish","shellfish",0.218112244897959
"NOR","fish","fish_freshw",0.211636577708006
"NOR","fish","fish_pelag",0.115090266875981
"NOR","fish","fish_demrs",0.455160910518053
"NOR","grains","wheat",0.822034379464073
"NOR","grains","rice",0.0532566014339539
"NOR","grains","othr_grains",0.124709019101973
"PRT","fruits","fruits_trop",0.39357757342035
"PRT","fruits","fruits_temp",0.482052803322456
"PRT","fruits","fruits_starch",0.124369623257194
"PRT","legumes","legumes",0.994350282485876
"PRT","legumes","soybeans",0.00564971751412429
"PRT","fish","shellfish",0.225622588565416
"PRT","fish","fish_freshw",0.0684847421957208
"PRT","fish","fish_pelag",0.145124517713083
"PRT","fish","fish_demrs",0.56076815152578
"PRT","grains","wheat",0.643629016845496
"PRT","grains","rice",0.171458213885931
"PRT","grains","maize",0.120315614164414
"PRT","grains","othr_grains",0.0645971551041581
"SWE","fruits","fruits_trop",0.377693699621648
"SWE","fruits","fruits_temp",0.50024675111038
"SWE","fruits","fruits_starch",0.122059549267972
"SWE","legumes","legumes",0.881188118811881
"SWE","legumes","soybeans",0.118811881188119
"SWE","fish","shellfish",0.264114759128567
"SWE","fish","fish_freshw",0.276695305308377
"SWE","fish","fish_pelag",0.170220926664621
"SWE","fish","fish_demrs",0.288969008898435
"SWE","grains","wheat",0.817584170317033
"SWE","grains","rice",0.0687694316986627
"SWE","grains","maize",0.0133979033991748
"SWE","grains","othr_grains",0.10024849458513
"MLT","fruits","fruits_trop",0.328867089364757
"MLT","fruits","fruits_temp",0.440124416796268
"MLT","fruits","fruits_starch",0.231008493838976
"MLT","legumes","legumes",0.969387755102041
"MLT","legumes","soybeans",0.0306122448979592
"MLT","fish","shellfish",0.247854734906528
"MLT","fish","fish_freshw",0.158060067422617
"MLT","fish","fish_pelag",0.451348452344468
"MLT","fish","fish_demrs",0.142736745326387
"MLT","grains","wheat",0.911772910482629
"MLT","grains","rice",0.0410230013809638
"MLT","grains","maize",0.0300936101709407
"MLT","grains","othr_grains",0.0171104779654664
"AFG","fruits","fruits_trop",0.177281680892974
"AFG","fruits","fruits_temp",0.692383453709783
"AFG","fruits","fruits_starch",0.130334865397242
"AFG","legumes","legumes",1
"AFG","fish","fish_freshw",1
"AFG","grains","wheat",0.871077137487594
"AFG","grains","rice",0.111493549000148
"AFG","grains","maize",0.00835356969402623
"AFG","grains","othr_grains",0.00907574381823173
"BFA","fruits","fruits_trop",0.212475633528265
"BFA","fruits","fruits_temp",0.734892787524366
"BFA","fruits","fruits_starch",0.0526315789473684
"BFA","legumes","legumes",0.937358916478555
"BFA","legumes","soybeans",0.0626410835214447
"BFA","fish","shellfish",0.064070351758794
"BFA","fish","fish_freshw",0.204773869346734
"BFA","fish","fish_pelag",0.668341708542714
"BFA","fish","fish_demrs",0.0628140703517588
"BFA","grains","wheat",0.0687391844654824
"BFA","grains","rice",0.16185979735782
"BFA","grains","maize",0.305469981136262
"BFA","grains","othr_grains",0.463931037040436
"CAF","fruits","fruits_trop",0.220754355734252
"CAF","fruits","fruits_temp",0.0852000765843385
"CAF","fruits","fruits_starch",0.694045567681409
"CAF","legumes","legumes",1
"CAF","fish","shellfish",0.01227959697733
"CAF","fish","fish_freshw",0.79691435768262
"CAF","fish","fish_pelag",0.183564231738035
"CAF","fish","fish_demrs",0.00724181360201511
"CAF","grains","wheat",0.0417083304369215
"CAF","grains","rice",0.118173602904611
"CAF","grains","maize",0.562292460951912
"CAF","grains","othr_grains",0.277825605706555
"CMR","fruits","fruits_trop",0.10249433106576
"CMR","fruits","fruits_temp",0.0838095238095238
"CMR","fruits","fruits_starch",0.813696145124717
"CMR","legumes","legumes",0.972246696035242
"CMR","legumes","soybeans",0.0277533039647577
"CMR","fish","shellfish",0.112784090909091
"CMR","fish","fish_freshw",0.126420454545455
"CMR","fish","fish_pelag",0.481534090909091
"CMR","fish","fish_demrs",0.279261363636364
"CMR","grains","wheat",0.166732641912754
"CMR","grains","rice",0.356794130842108
"CMR","grains","maize",0.29863035389122
"CMR","grains","othr_grains",0.177842873353918
"COG","fruits","fruits_trop",0.0947019867549669
"COG","fruits","fruits_temp",0.32075055187638
"COG","fruits","fruits_starch",0.584547461368653
"COG","legumes","legumes",1
"COG","fish","shellfish",0.0296328671328671
"COG","fish","fish_freshw",0.301660839160839
"COG","fish","fish_pelag",0.309353146853147
"COG","fish","fish_demrs",0.359353146853147
"COG","grains","wheat",0.58969331252848
"COG","grains","rice",0.367721178143857
"COG","grains","maize",0.0409699112111462
"COG","grains","othr_grains",0.00161559811651638
"GMB","fruits","fruits_trop",0.0691588785046729
"GMB","fruits","fruits_temp",0.927102803738318
"GMB","fruits","fruits_starch",0.00373831775700935
"GMB","legumes","legumes",0.988505747126437
"GMB","legumes","soybeans",0.0114942528735632
"GMB","fish","shellfish",0.0290044910179641
"GMB","fish","fish_freshw",0.0256362275449102
"GMB","fish","fish_pelag",0.771519461077844
"GMB","fish","fish_demrs",0.173839820359281
"GMB","grains","wheat",0.197076301434994
"GMB","grains","rice",0.509023346564743
"GMB","grains","maize",0.0804085614575469
"GMB","grains","othr_grains",0.213491790542716
"GNB","fruits","fruits_trop",0.139157973174367
"GNB","fruits","fruits_temp",0.328427719821162
"GNB","fruits","fruits_starch",0.532414307004471
"GNB","legumes","legumes",1
"GNB","fish","shellfish",0.0284552845528455
"GNB","fish","fish_freshw",0.0853658536585366
"GNB","fish","fish_pelag",0.817073170731707
"GNB","fish","fish_demrs",0.0691056910569106
"GNB","grains","wheat",0.0474801910641887
"GNB","grains","rice",0.859546382069675
"GNB","grains","maize",0.0145729194715235
"GNB","grains","othr_grains",0.0784005073946129
"LBR","fruits","fruits_trop",0.109389895138227
"LBR","fruits","fruits_temp",0.0204957102001906
"LBR","fruits","fruits_starch",0.870114394661582
"LBR","legumes","legumes",0.591240875912409
"LBR","legumes","soybeans",0.408759124087591
"LBR","fish","shellfish",0.0358672376873662
"LBR","fish","fish_freshw",0.142933618843683
"LBR","fish","fish_pelag",0.524089935760171
"LBR","fish","fish_demrs",0.297109207708779
"LBR","grains","wheat",0.0956976934402094
"LBR","grains","rice",0.900531734835515
"LBR","grains","maize",0.00111756636157645
"LBR","grains","othr_grains",0.00265300536269887
"MLI","fruits","fruits_trop",0.223154809485745
"MLI","fruits","fruits_temp",0.633493205435651
"MLI","fruits","fruits_starch",0.143351985078604
"MLI","legumes","legumes",0.988188976377953
"MLI","legumes","soybeans",0.0118110236220472
"MLI","fish","shellfish",0.0267364939360529
"MLI","fish","fish_freshw",0.682745314222712
"MLI","fish","fish_pelag",0.0631201764057332
"MLI","fish","fish_demrs",0.227398015435502
"MLI","grains","wheat",0.070568644462267
"MLI","grains","rice",0.347030247138858
"MLI","grains","maize",0.160061145505762
"MLI","grains","othr_grains",0.422339962893113
"NER","fruits","fruits_trop",0.0765005884660651
"NER","fruits","fruits_temp",0.917614750882699
"NER","fruits","fruits_starch",0.00588466065123578
"NER","legumes","legumes",1
"NER","fish","shellfish",0.005
"NER","fish","fish_freshw",0.86
"NER","fish","fish_pelag",0.075
"NER","fish","fish_demrs",0.06
"NER","grains","wheat",0.0142490097087379
"NER","grains","rice",0.176217475728155
"NER","grains","maize",0.0111471844660194
"NER","grains","othr_grains",0.798386330097087
"NGA","fruits","fruits_trop",0.475122127736566
"NGA","fruits","fruits_temp",0.263072191062059
"NGA","fruits","fruits_starch",0.261805681201375
"NGA","legumes","legumes",0.950446791226645
"NGA","legumes","soybeans",0.049553208773355
"NGA","fish","shellfish",0.0436373873873874
"NGA","fish","fish_freshw",0.422015765765766
"NGA","fish","fish_pelag",0.310529279279279
"NGA","fish","fish_demrs",0.223817567567568
"NGA","grains","wheat",0.183695469899145
"NGA","grains","rice",0.360078797182024
"NGA","grains","maize",0.214250569879058
"NGA","grains","othr_grains",0.241975163039773
"TCD","fruits","fruits_trop",0.177570093457944
"TCD","fruits","fruits_temp",0.822429906542056
"TCD","legumes","legumes",1
"TCD","fish","shellfish",0.000358680057388809
"TCD","fish","fish_freshw",0.996054519368723
"TCD","fish","fish_pelag",0.00322812051649928
"TCD","fish","fish_demrs",0.000358680057388809
"TCD","grains","wheat",0.0307369396448319
"TCD","grains","rice",0.122753200115746
"TCD","grains","maize",0.124290706618203
"TCD","grains","othr_grains",0.722219153621219
"CAN","fruits","fruits_trop",0.25777505863159
"CAN","fruits","fruits_temp",0.58233914550831
"CAN","fruits","fruits_starch",0.1598857958601
"CAN","legumes","legumes",0.906832298136646
"CAN","legumes","soybeans",0.093167701863354
"CAN","fish","shellfish",0.345708446866485
"CAN","fish","fish_freshw",0.243074477747502
"CAN","fish","fish_pelag",0.160422343324251
"CAN","fish","fish_demrs",0.250794732061762
"CAN","grains","wheat",0.68007603645615
"CAN","grains","rice",0.147363705800938
"CAN","grains","maize",0.156523686734395
"CAN","grains","othr_grains",0.0160365710085168
"CHL","fruits","fruits_trop",0.164278224397064
"CHL","fruits","fruits_temp",0.631772107654666
"CHL","fruits","fruits_starch",0.20394966794827
"CHL","legumes","legumes",0.954314720812183
"CHL","legumes","soybeans",0.0456852791878173
"CHL","fish","shellfish",0.303420608108108
"CHL","fish","fish_freshw",0.118454391891892
"CHL","fish","fish_pelag",0.406461148648649
"CHL","fish","fish_demrs",0.171663851351351
"CHL","grains","wheat",0.735303507577048
"CHL","grains","rice",0.118391367273966
"CHL","grains","maize",0.130948833645496
"CHL","grains","othr_grains",0.0153562915034906
"MUS","fruits","fruits_trop",0.428400954653938
"MUS","fruits","fruits_temp",0.448448687350835
"MUS","fruits","fruits_starch",0.123150357995227
"MUS","legumes","legumes",0.943469785575049
"MUS","legumes","soybeans",0.0565302144249513
"MUS","fish","shellfish",0.232966348151226
"MUS","fish","fish_freshw",0.0900498545907769
"MUS","fish","fish_pelag",0.540818446198587
"MUS","fish","fish_demrs",0.13616535105941
"MUS","grains","wheat",0.61098822743376
"MUS","grains","rice",0.36420590118338
"MUS","grains","maize",0.0148818899244985
"MUS","grains","othr_grains",0.00992398145836126
"URY","fruits","fruits_trop",0.473127329565949
"URY","fruits","fruits_temp",0.372971023205483
"URY","fruits","fruits_starch",0.153901647228568
"URY","legumes","legumes",0.986254295532646
"URY","legumes","soybeans",0.0137457044673539
"URY","fish","shellfish",0.142429193899782
"URY","fish","fish_freshw",0.177287581699346
"URY","fish","fish_pelag",0.39297385620915
"URY","fish","fish_demrs",0.287309368191721
"URY","grains","wheat",0.673547429522207
"URY","grains","rice",0.136134167785362
"URY","grains","maize",0.167643555370682
"URY","grains","othr_grains",0.0226748473217493
"USA","fruits","fruits_trop",0.327614648630815
"USA","fruits","fruits_temp",0.529858132629495
"USA","fruits","fruits_starch",0.14252721873969
"USA","legumes","legumes",0.971204188481675
"USA","legumes","soybeans",0.0287958115183246
"USA","fish","shellfish",0.449011680143756
"USA","fish","fish_freshw",0.226639712488769
"USA","fish","fish_pelag",0.119272237196765
"USA","fish","fish_demrs",0.20507637017071
"USA","grains","wheat",0.72074825397151
"USA","grains","rice",0.126486645403236
"USA","grains","maize",0.0941949466875882
"USA","grains","othr_grains",0.058570153937666
"BEN","fruits","fruits_trop",0.660457239627434
"BEN","fruits","fruits_temp",0.302074513124471
"BEN","fruits","fruits_starch",0.0374682472480948
"BEN","legumes","legumes",1
"BEN","fish","shellfish",0.118067717454758
"BEN","fish","fish_freshw",0.494016345592528
"BEN","fish","fish_pelag",0.162434325744308
"BEN","fish","fish_demrs",0.225481611208406
"BEN","grains","wheat",0.095365770670296
"BEN","grains","rice",0.663037314279233
"BEN","grains","maize",0.176445503005557
"BEN","grains","othr_grains",0.0651514120449132
"GIN","fruits","fruits_trop",0.328897950423865
"GIN","fruits","fruits_temp",0.151411095611117
"GIN","fruits","fruits_starch",0.519690953965018
"GIN","legumes","legumes",1
"GIN","fish","shellfish",0.00438169425511198
"GIN","fish","fish_freshw",0.214703018500487
"GIN","fish","fish_pelag",0.594449853943525
"GIN","fish","fish_demrs",0.186465433300876
"GIN","grains","wheat",0.0694505507787654
"GIN","grains","rice",0.850303906593481
"GIN","grains","maize",0.0367649169563713
"GIN","grains","othr_grains",0.043480625671382
"MDG","fruits","fruits_trop",0.218874966675553
"MDG","fruits","fruits_temp",0.424420154625433
"MDG","fruits","fruits_starch",0.356704878699014
"MDG","legumes","legumes",1
"MDG","fish","shellfish",0.266187050359712
"MDG","fish","fish_freshw",0.381294964028777
"MDG","fish","fish_pelag",0.215827338129496
"MDG","fish","fish_demrs",0.136690647482014
"MDG","grains","wheat",0.0624026673197872
"MDG","grains","rice",0.904356345050994
"MDG","grains","maize",0.0326032708401688
"MDG","grains","othr_grains",0.000637716789049756
"MOZ","fruits","fruits_trop",0.198534798534799
"MOZ","fruits","fruits_temp",0.261172161172161
"MOZ","fruits","fruits_starch",0.54029304029304
"MOZ","legumes","legumes",1
"MOZ","fish","shellfish",0.208884297520661
"MOZ","fish","fish_freshw",0.426239669421488
"MOZ","fish","fish_pelag",0.208884297520661
"MOZ","fish","fish_demrs",0.15599173553719
"MOZ","grains","wheat",0.217002662609357
"MOZ","grains","rice",0.445840770108552
"MOZ","grains","maize",0.310153758375516
"MOZ","grains","othr_grains",0.0270028089065746
"MWI","fruits","fruits_trop",0.155777166437414
"MWI","fruits","fruits_temp",0.606717102246676
"MWI","fruits","fruits_starch",0.23750573131591
"MWI","legumes","legumes",0.914643696162882
"MWI","legumes","soybeans",0.0853563038371182
"MWI","fish","shellfish",0.00440067057837385
"MWI","fish","fish_freshw",0.983445096395641
"MWI","fish","fish_pelag",0.00775356244761106
"MWI","fish","fish_demrs",0.00440067057837385
"MWI","grains","wheat",0.0617448774475087
"MWI","grains","rice",0.0605755582143169
"MWI","grains","maize",0.851538649315737
"MWI","grains","othr_grains",0.0261409150224371
"SEN","fruits","fruits_trop",0.370157819225251
"SEN","fruits","fruits_temp",0.459110473457676
"SEN","fruits","fruits_starch",0.170731707317073
"SEN","legumes","legumes",0.995454545454545
"SEN","legumes","soybeans",0.00454545454545455
"SEN","fish","shellfish",0.0625
"SEN","fish","fish_freshw",0.102114561027837
"SEN","fish","fish_pelag",0.60639721627409
"SEN","fish","fish_demrs",0.228988222698073
"SEN","grains","wheat",0.16689575759768
"SEN","grains","rice",0.601062258474857
"SEN","grains","maize",0.120010489953157
"SEN","grains","othr_grains",0.112031493974306
"SLE","fruits","fruits_trop",0.408558030480657
"SLE","fruits","fruits_temp",0.430246189917937
"SLE","fruits","fruits_starch",0.161195779601407
"SLE","legumes","legumes",1
"SLE","fish","shellfish",0.0190390749601276
"SLE","fish","fish_freshw",0.0609051036682616
"SLE","fish","fish_pelag",0.637061403508772
"SLE","fish","fish_demrs",0.282994417862839
"SLE","grains","wheat",0.0517402481956068
"SLE","grains","rice",0.904427350341012
"SLE","grains","maize",0.00863515986578379
"SLE","grains","othr_grains",0.0351972415975972
"STP","fruits","fruits_trop",0.333041082164329
"STP","fruits","fruits_temp",0.0857026553106213
"STP","fruits","fruits_starch",0.58125626252505
"STP","legumes","legumes",0.997566909975669
"STP","legumes","soybeans",0.0024330900243309
"STP","fish","shellfish",0.0704838148277062
"STP","fish","fish_freshw",0.0659589279498782
"STP","fish","fish_pelag",0.660807518273582
"STP","fish","fish_demrs",0.202749738948834
"STP","grains","wheat",0.453740843929248
"STP","grains","rice",0.42488777407566
"STP","grains","maize",0.067539326074379
"STP","grains","othr_grains",0.0538320559207135
"TGO","fruits","fruits_trop",0.264018691588785
"TGO","fruits","fruits_temp",0.418224299065421
"TGO","fruits","fruits_starch",0.317757009345794
"TGO","legumes","legumes",1
"TGO","fish","shellfish",0.0364413680781759
"TGO","fish","fish_freshw",0.520154723127036
"TGO","fish","fish_pelag",0.284812703583062
"TGO","fish","fish_demrs",0.158591205211726
"TGO","grains","wheat",0.129956657558472
"TGO","grains","rice",0.219520768857224
"TGO","grains","maize",0.495854201245189
"TGO","grains","othr_grains",0.154668372339115
"TZA","fruits","fruits_trop",0.242555831265509
"TZA","fruits","fruits_temp",0.146277915632754
"TZA","fruits","fruits_starch",0.611166253101737
"TZA","legumes","legumes",0.996146435452794
"TZA","legumes","soybeans",0.00385356454720617
"TZA","fish","shellfish",0.013909224011713
"TZA","fish","fish_freshw",0.800146412884334
"TZA","fish","fish_pelag",0.0827232796486091
"TZA","fish","fish_demrs",0.103221083455344
"TZA","grains","wheat",0.141489601242422
"TZA","grains","rice",0.371421777311075
"TZA","grains","maize",0.430377882201426
"TZA","grains","othr_grains",0.0567107392450774
"UGA","fruits","fruits_trop",0.00109493047191503
"UGA","fruits","fruits_temp",0.0128106865214059
"UGA","fruits","fruits_starch",0.986094383006679
"UGA","legumes","legumes",1
"UGA","fish","shellfish",0.0029926335174954
"UGA","fish","fish_freshw",0.991022099447514
"UGA","fish","fish_pelag",0.0029926335174954
"UGA","fish","fish_demrs",0.0029926335174954
"UGA","grains","wheat",0.207366412856867
"UGA","grains","rice",0.159138182492179
"UGA","grains","maize",0.539338022605111
"UGA","grains","othr_grains",0.094157382045843
"ZMB","fruits","fruits_trop",0.0934959349593496
"ZMB","fruits","fruits_temp",0.892953929539295
"ZMB","fruits","fruits_starch",0.013550135501355
"ZMB","legumes","legumes",0.149789029535865
"ZMB","legumes","soybeans",0.850210970464135
"ZMB","fish","shellfish",0.00192472198460222
"ZMB","fish","fish_freshw",0.640932420872541
"ZMB","fish","fish_pelag",0.354362703165098
"ZMB","fish","fish_demrs",0.00278015397775877
"ZMB","grains","wheat",0.063394070579682
"ZMB","grains","rice",0.0308780945220815
"ZMB","grains","maize",0.892923236437391
"ZMB","grains","othr_grains",0.0128045984608457
"AGO","fruits","fruits_trop",0.437429537767757
"AGO","fruits","fruits_temp",0.0372040586245772
"AGO","fruits","fruits_starch",0.525366403607666
"AGO","legumes","legumes",0.935558112773303
"AGO","legumes","soybeans",0.0644418872266974
"AGO","fish","shellfish",0.0172634271099744
"AGO","fish","fish_freshw",0.0510230179028133
"AGO","fish","fish_pelag",0.628005115089514
"AGO","fish","fish_demrs",0.303708439897698
"AGO","grains","wheat",0.380594924047498
"AGO","grains","rice",0.161745060008094
"AGO","grains","maize",0.445389047626138
"AGO","grains","othr_grains",0.012270968318271
"BRA","fruits","fruits_trop",0.47201593914146
"BRA","fruits","fruits_temp",0.28264807100163
"BRA","fruits","fruits_starch",0.24533598985691
"BRA","legumes","legumes",1
"BRA","fish","shellfish",0.0921198668146504
"BRA","fish","fish_freshw",0.507214206437292
"BRA","fish","fish_pelag",0.112097669256382
"BRA","fish","fish_demrs",0.288568257491676
"BRA","grains","wheat",0.383906038440277
"BRA","grains","rice",0.411001706498313
"BRA","grains","maize",0.174749166112522
"BRA","grains","othr_grains",0.0303430889488878
"COL","fruits","fruits_trop",0.212001624978237
"COL","fruits","fruits_temp",0.266090186292148
"COL","fruits","fruits_starch",0.521908188729615
"COL","legumes","legumes",0.899725274725275
"COL","legumes","soybeans",0.100274725274725
"COL","fish","shellfish",0.0496402877697842
"COL","fish","fish_freshw",0.520143884892086
"COL","fish","fish_pelag",0.384892086330935
"COL","fish","fish_demrs",0.0453237410071942
"COL","grains","wheat",0.248758436649935
"COL","grains","rice",0.507210146268253
"COL","grains","maize",0.224924550984774
"COL","grains","othr_grains",0.0191068660970377
"CRI","fruits","fruits_trop",0.500574052812859
"CRI","fruits","fruits_temp",0.373976272483735
"CRI","fruits","fruits_starch",0.125449674703406
"CRI","legumes","legumes",0.838145896656535
"CRI","legumes","soybeans",0.161854103343465
"CRI","fish","shellfish",0.132449425915801
"CRI","fish","fish_freshw",0.374111536358666
"CRI","fish","fish_pelag",0.453389830508475
"CRI","fish","fish_demrs",0.0400492072170585
"CRI","grains","wheat",0.273868060105829
"CRI","grains","rice",0.607335377974044
"CRI","grains","maize",0.0929559007339783
"CRI","grains","othr_grains",0.0258406611861486
"LKA","fruits","fruits_trop",0.635314207650273
"LKA","fruits","fruits_temp",0.176912568306011
"LKA","fruits","fruits_starch",0.187773224043716
"LKA","legumes","legumes",1
"LKA","fish","shellfish",0.0650049685326267
"LKA","fish","fish_freshw",0.153113613779397
"LKA","fish","fish_pelag",0.672822126531964
"LKA","fish","fish_demrs",0.109059291156012
"LKA","grains","wheat",0.159163494212933
"LKA","grains","rice",0.815191221818882
"LKA","grains","maize",0.023325150793916
"LKA","grains","othr_grains",0.00232013317426844
"KEN","fruits","fruits_trop",0.18289241622575
"KEN","fruits","fruits_temp",0.393827160493827
"KEN","fruits","fruits_starch",0.423280423280423
"KEN","legumes","legumes",0.997555012224939
"KEN","legumes","soybeans",0.00244498777506112
"KEN","fish","shellfish",0.0323920265780731
"KEN","fish","fish_freshw",0.726744186046512
"KEN","fish","fish_pelag",0.138704318936877
"KEN","fish","fish_demrs",0.102159468438538
"KEN","grains","wheat",0.290599211053788
"KEN","grains","rice",0.203410349511156
"KEN","grains","maize",0.482876302183667
"KEN","grains","othr_grains",0.0231141372513886
"CUB","fruits","fruits_trop",0.0957529963522668
"CUB","fruits","fruits_temp",0.392587285044294
"CUB","fruits","fruits_starch",0.511659718603439
"CUB","legumes","legumes",0.970229380185456
"CUB","legumes","soybeans",0.0297706198145437
"CUB","fish","shellfish",0.124340949033392
"CUB","fish","fish_freshw",0.445957820738137
"CUB","fish","fish_pelag",0.271968365553603
"CUB","fish","fish_demrs",0.157732864674868
"CUB","grains","wheat",0.290860741292541
"CUB","grains","rice",0.560646876921878
"CUB","grains","maize",0.148323473108872
"CUB","grains","othr_grains",0.000168908676708793
